timestamp, index, utilization.gpu [%], utilization.memory [%], memory.used [MiB], power.draw [W], temperature.gpu
2025/12/18 14:29:53.740, 0, 0 %, 0 %, 447 MiB, 14.47 W, 30
2025/12/18 14:29:53.741, 1, 0 %, 0 %, 4 MiB, 13.30 W, 27
2025/12/18 14:29:54.742, 0, 0 %, 0 %, 459 MiB, 30.58 W, 32
2025/12/18 14:29:54.743, 1, 0 %, 0 %, 4 MiB, 25.97 W, 28
2025/12/18 14:29:55.743, 0, 18 %, 1 %, 1452 MiB, 57.37 W, 32
2025/12/18 14:29:55.744, 1, 0 %, 0 %, 1329 MiB, 56.38 W, 29
2025/12/18 14:29:56.744, 0, 37 %, 21 %, 2014 MiB, 79.72 W, 34
2025/12/18 14:29:56.745, 1, 41 %, 30 %, 1931 MiB, 109.43 W, 32
2025/12/18 14:29:57.746, 0, 38 %, 22 %, 2014 MiB, 107.39 W, 35
2025/12/18 14:29:57.746, 1, 44 %, 31 %, 1931 MiB, 165.66 W, 34
2025/12/18 14:29:58.747, 0, 38 %, 22 %, 2014 MiB, 112.29 W, 35
2025/12/18 14:29:58.747, 1, 43 %, 31 %, 1931 MiB, 176.24 W, 35
2025/12/18 14:29:59.748, 0, 38 %, 22 %, 2016 MiB, 103.81 W, 36
2025/12/18 14:29:59.749, 1, 44 %, 31 %, 1933 MiB, 157.38 W, 36
2025/12/18 14:30:00.749, 0, 38 %, 22 %, 2016 MiB, 112.07 W, 36
2025/12/18 14:30:00.750, 1, 43 %, 31 %, 1933 MiB, 173.43 W, 36
2025/12/18 14:30:01.750, 0, 37 %, 22 %, 2016 MiB, 113.51 W, 36
2025/12/18 14:30:01.751, 1, 43 %, 31 %, 1933 MiB, 176.23 W, 37
2025/12/18 14:30:02.752, 0, 32 %, 18 %, 2016 MiB, 111.22 W, 37
2025/12/18 14:30:02.752, 1, 39 %, 27 %, 1933 MiB, 172.30 W, 37
2025/12/18 14:30:03.753, 0, 23 %, 12 %, 2016 MiB, 96.74 W, 36
2025/12/18 14:30:03.754, 1, 26 %, 18 %, 1933 MiB, 144.24 W, 36
2025/12/18 14:30:04.754, 0, 29 %, 16 %, 2016 MiB, 94.89 W, 37
2025/12/18 14:30:04.755, 1, 31 %, 18 %, 1933 MiB, 125.08 W, 35
2025/12/18 14:30:05.755, 0, 32 %, 17 %, 2016 MiB, 97.32 W, 37
2025/12/18 14:30:05.756, 1, 37 %, 23 %, 1933 MiB, 109.39 W, 36
2025/12/18 14:30:06.756, 0, 32 %, 17 %, 2016 MiB, 109.88 W, 37
2025/12/18 14:30:06.757, 1, 36 %, 24 %, 1933 MiB, 151.99 W, 38
2025/12/18 14:30:07.758, 0, 38 %, 22 %, 2016 MiB, 113.78 W, 38
2025/12/18 14:30:07.758, 1, 44 %, 31 %, 1933 MiB, 174.83 W, 39
2025/12/18 14:30:08.759, 0, 32 %, 17 %, 2016 MiB, 100.46 W, 38
2025/12/18 14:30:08.760, 1, 32 %, 21 %, 1933 MiB, 150.74 W, 39
2025/12/18 14:30:09.760, 0, 37 %, 22 %, 2016 MiB, 115.33 W, 39
2025/12/18 14:30:09.761, 1, 43 %, 31 %, 1933 MiB, 177.84 W, 40
2025/12/18 14:30:10.762, 0, 26 %, 14 %, 2016 MiB, 97.99 W, 38
2025/12/18 14:30:10.762, 1, 23 %, 15 %, 1933 MiB, 146.74 W, 39
2025/12/18 14:30:11.763, 0, 35 %, 20 %, 2016 MiB, 102.13 W, 39
2025/12/18 14:30:11.763, 1, 44 %, 29 %, 1933 MiB, 146.59 W, 39
2025/12/18 14:30:12.764, 0, 37 %, 21 %, 2016 MiB, 109.99 W, 39
2025/12/18 14:30:12.764, 1, 43 %, 30 %, 1933 MiB, 163.03 W, 41
2025/12/18 14:30:13.765, 0, 32 %, 17 %, 2016 MiB, 105.30 W, 39
2025/12/18 14:30:13.766, 1, 29 %, 19 %, 1933 MiB, 157.94 W, 41
2025/12/18 14:30:14.766, 0, 32 %, 18 %, 2016 MiB, 113.78 W, 40
2025/12/18 14:30:14.767, 1, 39 %, 26 %, 1933 MiB, 173.60 W, 41
2025/12/18 14:30:15.768, 0, 30 %, 17 %, 2016 MiB, 100.52 W, 40
2025/12/18 14:30:15.769, 1, 36 %, 24 %, 1933 MiB, 149.92 W, 42
2025/12/18 14:30:16.769, 0, 38 %, 22 %, 2016 MiB, 115.52 W, 41
2025/12/18 14:30:16.770, 1, 44 %, 31 %, 1933 MiB, 177.49 W, 43
2025/12/18 14:30:17.770, 0, 38 %, 22 %, 2016 MiB, 115.35 W, 41
2025/12/18 14:30:17.771, 1, 44 %, 31 %, 1933 MiB, 178.57 W, 44
2025/12/18 14:30:18.771, 0, 38 %, 21 %, 2016 MiB, 109.38 W, 41
2025/12/18 14:30:18.772, 1, 43 %, 29 %, 1933 MiB, 167.15 W, 44
2025/12/18 14:30:19.773, 0, 29 %, 16 %, 2016 MiB, 112.16 W, 41
2025/12/18 14:30:19.773, 1, 39 %, 27 %, 1933 MiB, 173.07 W, 43
2025/12/18 14:30:20.774, 0, 36 %, 20 %, 2016 MiB, 108.46 W, 41
2025/12/18 14:30:20.775, 1, 43 %, 30 %, 1933 MiB, 163.42 W, 43
2025/12/18 14:30:21.775, 0, 23 %, 12 %, 2016 MiB, 101.62 W, 41
2025/12/18 14:30:21.776, 1, 29 %, 20 %, 1933 MiB, 154.46 W, 43
2025/12/18 14:30:22.777, 0, 37 %, 22 %, 2016 MiB, 113.33 W, 42
2025/12/18 14:30:22.777, 1, 43 %, 31 %, 1933 MiB, 172.82 W, 46
2025/12/18 14:30:23.778, 0, 32 %, 18 %, 2016 MiB, 110.78 W, 42
2025/12/18 14:30:23.778, 1, 36 %, 24 %, 1933 MiB, 169.11 W, 46
2025/12/18 14:30:24.779, 0, 38 %, 22 %, 2016 MiB, 119.23 W, 43
2025/12/18 14:30:24.780, 1, 43 %, 31 %, 1933 MiB, 184.91 W, 47
2025/12/18 14:30:25.780, 0, 36 %, 21 %, 2016 MiB, 114.80 W, 42
2025/12/18 14:30:25.781, 1, 42 %, 29 %, 1933 MiB, 179.45 W, 46
2025/12/18 14:30:26.781, 0, 38 %, 22 %, 2016 MiB, 108.60 W, 43
2025/12/18 14:30:26.782, 1, 44 %, 31 %, 1933 MiB, 166.36 W, 46
2025/12/18 14:30:27.783, 0, 31 %, 15 %, 2016 MiB, 108.09 W, 43
2025/12/18 14:30:27.785, 1, 35 %, 20 %, 1933 MiB, 161.46 W, 47
2025/12/18 14:30:28.785, 0, 35 %, 20 %, 2016 MiB, 116.13 W, 44
2025/12/18 14:30:28.786, 1, 42 %, 27 %, 1933 MiB, 177.03 W, 48
2025/12/18 14:30:29.787, 0, 38 %, 19 %, 2016 MiB, 113.24 W, 44
2025/12/18 14:30:29.787, 1, 41 %, 25 %, 1933 MiB, 170.71 W, 47
2025/12/18 14:30:30.788, 0, 34 %, 17 %, 2016 MiB, 111.47 W, 44
2025/12/18 14:30:30.788, 1, 37 %, 23 %, 1933 MiB, 167.51 W, 48
2025/12/18 14:30:31.789, 0, 36 %, 16 %, 2016 MiB, 112.18 W, 44
2025/12/18 14:30:31.790, 1, 37 %, 21 %, 1933 MiB, 167.50 W, 48
2025/12/18 14:30:32.790, 0, 37 %, 19 %, 2016 MiB, 116.28 W, 44
2025/12/18 14:30:32.791, 1, 42 %, 27 %, 1933 MiB, 176.68 W, 49
2025/12/18 14:30:33.792, 0, 38 %, 22 %, 2016 MiB, 118.14 W, 45
2025/12/18 14:30:33.793, 1, 44 %, 31 %, 1933 MiB, 181.33 W, 50
2025/12/18 14:30:34.793, 0, 32 %, 16 %, 2016 MiB, 112.98 W, 45
2025/12/18 14:30:34.794, 1, 37 %, 21 %, 1933 MiB, 166.79 W, 48
2025/12/18 14:30:35.794, 0, 33 %, 19 %, 2016 MiB, 115.06 W, 45
2025/12/18 14:30:35.795, 1, 32 %, 22 %, 1933 MiB, 172.34 W, 50
2025/12/18 14:30:36.796, 0, 28 %, 13 %, 2016 MiB, 115.45 W, 45
2025/12/18 14:30:36.796, 1, 33 %, 20 %, 1933 MiB, 175.47 W, 50
2025/12/18 14:30:37.797, 0, 34 %, 16 %, 2016 MiB, 117.90 W, 45
2025/12/18 14:30:37.797, 1, 37 %, 23 %, 1933 MiB, 178.29 W, 50
2025/12/18 14:30:38.798, 0, 32 %, 16 %, 2016 MiB, 113.38 W, 46
2025/12/18 14:30:38.799, 1, 39 %, 24 %, 1933 MiB, 170.58 W, 51
2025/12/18 14:30:39.802, 0, 35 %, 17 %, 2016 MiB, 118.33 W, 46
2025/12/18 14:30:39.802, 1, 38 %, 22 %, 1933 MiB, 179.38 W, 51
2025/12/18 14:30:40.803, 0, 31 %, 15 %, 2016 MiB, 111.65 W, 46
2025/12/18 14:30:40.803, 1, 35 %, 21 %, 1933 MiB, 165.51 W, 50
2025/12/18 14:30:41.804, 0, 38 %, 22 %, 2016 MiB, 118.81 W, 47
2025/12/18 14:30:41.804, 1, 44 %, 31 %, 1933 MiB, 182.65 W, 52
2025/12/18 14:30:42.805, 0, 33 %, 17 %, 2016 MiB, 119.44 W, 47
2025/12/18 14:30:42.805, 1, 43 %, 31 %, 1933 MiB, 182.21 W, 52
2025/12/18 14:30:43.806, 0, 38 %, 21 %, 2016 MiB, 119.56 W, 47
2025/12/18 14:30:43.807, 1, 37 %, 23 %, 1933 MiB, 178.44 W, 52
2025/12/18 14:30:44.807, 0, 38 %, 22 %, 2016 MiB, 117.33 W, 47
2025/12/18 14:30:44.808, 1, 44 %, 31 %, 1933 MiB, 176.41 W, 52
2025/12/18 14:30:45.809, 0, 38 %, 21 %, 2016 MiB, 121.29 W, 47
2025/12/18 14:30:45.809, 1, 31 %, 20 %, 1933 MiB, 181.42 W, 52
2025/12/18 14:30:46.810, 0, 33 %, 16 %, 2016 MiB, 112.17 W, 47
2025/12/18 14:30:46.810, 1, 30 %, 17 %, 1933 MiB, 165.62 W, 52
2025/12/18 14:30:47.811, 0, 37 %, 21 %, 2016 MiB, 110.75 W, 48
2025/12/18 14:30:47.811, 1, 44 %, 31 %, 1933 MiB, 168.10 W, 53
2025/12/18 14:30:48.812, 0, 33 %, 14 %, 2016 MiB, 119.01 W, 48
2025/12/18 14:30:48.812, 1, 37 %, 19 %, 1933 MiB, 177.00 W, 52
2025/12/18 14:30:49.813, 0, 38 %, 21 %, 2016 MiB, 115.59 W, 48
2025/12/18 14:30:49.813, 1, 44 %, 30 %, 1933 MiB, 174.37 W, 54
2025/12/18 14:30:50.814, 0, 38 %, 22 %, 2016 MiB, 119.96 W, 48
2025/12/18 14:30:50.815, 1, 34 %, 21 %, 1933 MiB, 182.81 W, 53
2025/12/18 14:30:51.816, 0, 38 %, 22 %, 2016 MiB, 120.05 W, 49
2025/12/18 14:30:51.816, 1, 44 %, 29 %, 1933 MiB, 184.10 W, 54
2025/12/18 14:30:52.817, 0, 33 %, 17 %, 2016 MiB, 114.58 W, 49
2025/12/18 14:30:52.817, 1, 43 %, 29 %, 1933 MiB, 171.56 W, 54
2025/12/18 14:30:53.818, 0, 38 %, 21 %, 2016 MiB, 122.24 W, 49
2025/12/18 14:30:53.818, 1, 43 %, 29 %, 1933 MiB, 187.30 W, 54
2025/12/18 14:30:54.819, 0, 34 %, 17 %, 2016 MiB, 116.29 W, 48
2025/12/18 14:30:54.820, 1, 31 %, 20 %, 1933 MiB, 168.84 W, 53
2025/12/18 14:30:55.820, 0, 35 %, 15 %, 2018 MiB, 113.21 W, 49
2025/12/18 14:30:55.821, 1, 40 %, 22 %, 1935 MiB, 163.63 W, 54
2025/12/18 14:30:56.821, 0, 38 %, 22 %, 2018 MiB, 121.53 W, 50
2025/12/18 14:30:56.822, 1, 43 %, 28 %, 1935 MiB, 176.66 W, 55
2025/12/18 14:30:57.822, 0, 39 %, 22 %, 2018 MiB, 122.93 W, 50
2025/12/18 14:30:57.826, 1, 45 %, 31 %, 1935 MiB, 188.36 W, 55
2025/12/18 14:30:58.827, 0, 39 %, 20 %, 2018 MiB, 121.36 W, 50
2025/12/18 14:30:58.828, 1, 43 %, 27 %, 1935 MiB, 184.34 W, 55
2025/12/18 14:30:59.828, 0, 39 %, 17 %, 2018 MiB, 122.57 W, 50
2025/12/18 14:30:59.829, 1, 41 %, 22 %, 1935 MiB, 184.05 W, 55
2025/12/18 14:31:00.830, 0, 38 %, 22 %, 2018 MiB, 120.82 W, 50
2025/12/18 14:31:00.830, 1, 44 %, 30 %, 1935 MiB, 180.38 W, 56
2025/12/18 14:31:01.831, 0, 38 %, 16 %, 2018 MiB, 121.67 W, 50
2025/12/18 14:31:01.832, 1, 39 %, 22 %, 1935 MiB, 183.18 W, 56
2025/12/18 14:31:02.832, 0, 39 %, 17 %, 2018 MiB, 119.71 W, 50
2025/12/18 14:31:02.833, 1, 39 %, 22 %, 1935 MiB, 175.74 W, 56
2025/12/18 14:31:03.834, 0, 39 %, 17 %, 2018 MiB, 118.45 W, 50
2025/12/18 14:31:03.834, 1, 39 %, 21 %, 1935 MiB, 169.61 W, 56
2025/12/18 14:31:04.835, 0, 32 %, 15 %, 2018 MiB, 117.05 W, 50
2025/12/18 14:31:04.835, 1, 34 %, 18 %, 1935 MiB, 162.80 W, 56
2025/12/18 14:31:05.836, 0, 39 %, 19 %, 2018 MiB, 119.98 W, 51
2025/12/18 14:31:05.836, 1, 43 %, 27 %, 1935 MiB, 174.93 W, 56
2025/12/18 14:31:06.837, 0, 37 %, 19 %, 2018 MiB, 121.60 W, 51
2025/12/18 14:31:06.838, 1, 43 %, 25 %, 1935 MiB, 172.65 W, 56
2025/12/18 14:31:07.838, 0, 39 %, 22 %, 2018 MiB, 124.03 W, 51
2025/12/18 14:31:07.839, 1, 45 %, 32 %, 1935 MiB, 188.22 W, 57
2025/12/18 14:31:08.839, 0, 39 %, 21 %, 2018 MiB, 118.56 W, 51
2025/12/18 14:31:08.854, 1, 44 %, 29 %, 1935 MiB, 175.25 W, 57
2025/12/18 14:31:09.855, 0, 40 %, 21 %, 2018 MiB, 123.55 W, 52
2025/12/18 14:31:09.855, 1, 44 %, 29 %, 1935 MiB, 182.35 W, 57
2025/12/18 14:31:10.856, 0, 38 %, 22 %, 2018 MiB, 124.43 W, 52
2025/12/18 14:31:10.857, 1, 44 %, 31 %, 1935 MiB, 186.96 W, 57
2025/12/18 14:31:11.857, 0, 38 %, 21 %, 2018 MiB, 124.82 W, 52
2025/12/18 14:31:11.858, 1, 44 %, 29 %, 1935 MiB, 190.38 W, 58
2025/12/18 14:31:12.859, 0, 38 %, 16 %, 2018 MiB, 123.04 W, 52
2025/12/18 14:31:12.860, 1, 40 %, 22 %, 1935 MiB, 184.32 W, 57
2025/12/18 14:31:13.860, 0, 39 %, 23 %, 2018 MiB, 124.09 W, 52
2025/12/18 14:31:13.861, 1, 45 %, 32 %, 1935 MiB, 188.39 W, 58
2025/12/18 14:31:14.861, 0, 29 %, 14 %, 2018 MiB, 118.94 W, 52
2025/12/18 14:31:14.862, 1, 26 %, 15 %, 1935 MiB, 174.46 W, 57
2025/12/18 14:31:15.862, 0, 38 %, 22 %, 2018 MiB, 114.17 W, 52
2025/12/18 14:31:15.863, 1, 44 %, 30 %, 1935 MiB, 156.33 W, 57
2025/12/18 14:31:16.863, 0, 38 %, 22 %, 2018 MiB, 122.57 W, 52
2025/12/18 14:31:16.864, 1, 44 %, 31 %, 1935 MiB, 189.90 W, 58
2025/12/18 14:31:17.865, 0, 38 %, 21 %, 2018 MiB, 122.65 W, 52
2025/12/18 14:31:17.865, 1, 44 %, 31 %, 1935 MiB, 192.00 W, 58
2025/12/18 14:31:18.866, 0, 38 %, 22 %, 2018 MiB, 123.04 W, 52
2025/12/18 14:31:18.867, 1, 44 %, 31 %, 1935 MiB, 192.17 W, 58
2025/12/18 14:31:19.867, 0, 37 %, 21 %, 2018 MiB, 121.34 W, 53
2025/12/18 14:31:19.868, 1, 44 %, 29 %, 1935 MiB, 188.00 W, 59
2025/12/18 14:31:20.869, 0, 33 %, 15 %, 2018 MiB, 115.43 W, 52
2025/12/18 14:31:20.870, 1, 35 %, 20 %, 1935 MiB, 174.26 W, 58
2025/12/18 14:31:21.870, 0, 36 %, 16 %, 2018 MiB, 118.27 W, 52
2025/12/18 14:31:21.871, 1, 38 %, 21 %, 1935 MiB, 180.57 W, 58
2025/12/18 14:31:22.871, 0, 39 %, 23 %, 2018 MiB, 116.85 W, 53
2025/12/18 14:31:22.872, 1, 44 %, 30 %, 1935 MiB, 175.93 W, 59
2025/12/18 14:31:23.872, 0, 38 %, 20 %, 2018 MiB, 122.97 W, 53
2025/12/18 14:31:23.873, 1, 43 %, 29 %, 1935 MiB, 191.82 W, 59
2025/12/18 14:31:24.874, 0, 38 %, 20 %, 2018 MiB, 123.27 W, 53
2025/12/18 14:31:24.874, 1, 43 %, 27 %, 1935 MiB, 191.57 W, 59
2025/12/18 14:31:25.875, 0, 38 %, 22 %, 2018 MiB, 120.41 W, 53
2025/12/18 14:31:25.876, 1, 44 %, 29 %, 1935 MiB, 183.89 W, 59
2025/12/18 14:31:26.877, 0, 37 %, 19 %, 2018 MiB, 121.71 W, 53
2025/12/18 14:31:26.878, 1, 42 %, 27 %, 1935 MiB, 187.48 W, 59
2025/12/18 14:31:27.878, 0, 37 %, 20 %, 2018 MiB, 122.75 W, 53
2025/12/18 14:31:27.879, 1, 42 %, 27 %, 1935 MiB, 190.96 W, 60
2025/12/18 14:31:28.879, 0, 39 %, 23 %, 2018 MiB, 118.02 W, 53
2025/12/18 14:31:28.880, 1, 44 %, 30 %, 1935 MiB, 181.37 W, 60
2025/12/18 14:31:29.880, 0, 38 %, 18 %, 2018 MiB, 122.38 W, 53
2025/12/18 14:31:29.881, 1, 41 %, 24 %, 1935 MiB, 189.13 W, 60
2025/12/18 14:31:30.882, 0, 38 %, 17 %, 2018 MiB, 120.61 W, 54
2025/12/18 14:31:30.882, 1, 41 %, 22 %, 1935 MiB, 179.18 W, 60
2025/12/18 14:31:31.883, 0, 38 %, 20 %, 2018 MiB, 122.98 W, 54
2025/12/18 14:31:31.884, 1, 43 %, 27 %, 1935 MiB, 188.26 W, 60
2025/12/18 14:31:32.884, 0, 38 %, 17 %, 2018 MiB, 120.96 W, 54
2025/12/18 14:31:32.885, 1, 41 %, 22 %, 1935 MiB, 180.70 W, 60
2025/12/18 14:31:33.885, 0, 39 %, 21 %, 2018 MiB, 122.44 W, 54
2025/12/18 14:31:33.886, 1, 44 %, 29 %, 1935 MiB, 184.97 W, 60
2025/12/18 14:31:34.887, 0, 38 %, 18 %, 2018 MiB, 122.78 W, 54
2025/12/18 14:31:34.887, 1, 41 %, 23 %, 1935 MiB, 189.81 W, 60
2025/12/18 14:31:35.888, 0, 39 %, 21 %, 2018 MiB, 123.49 W, 54
2025/12/18 14:31:35.888, 1, 42 %, 29 %, 1935 MiB, 190.47 W, 60
2025/12/18 14:31:36.889, 0, 34 %, 15 %, 2018 MiB, 118.71 W, 54
2025/12/18 14:31:36.890, 1, 35 %, 20 %, 1935 MiB, 173.58 W, 60
2025/12/18 14:31:37.890, 0, 38 %, 22 %, 2018 MiB, 121.19 W, 54
2025/12/18 14:31:37.891, 1, 44 %, 31 %, 1935 MiB, 183.55 W, 60
2025/12/18 14:31:38.892, 0, 36 %, 17 %, 2018 MiB, 116.41 W, 54
2025/12/18 14:31:38.892, 1, 40 %, 24 %, 1935 MiB, 172.43 W, 60
2025/12/18 14:31:39.893, 0, 38 %, 21 %, 2018 MiB, 123.25 W, 54
2025/12/18 14:31:39.894, 1, 44 %, 30 %, 1935 MiB, 186.80 W, 60
2025/12/18 14:31:40.894, 0, 38 %, 22 %, 2018 MiB, 123.77 W, 55
2025/12/18 14:31:40.895, 1, 44 %, 31 %, 1935 MiB, 190.97 W, 61
2025/12/18 14:31:41.896, 0, 38 %, 16 %, 2018 MiB, 121.08 W, 54
2025/12/18 14:31:41.896, 1, 40 %, 22 %, 1935 MiB, 181.61 W, 60
2025/12/18 14:31:42.897, 0, 39 %, 17 %, 2018 MiB, 120.06 W, 55
2025/12/18 14:31:42.897, 1, 39 %, 22 %, 1935 MiB, 177.31 W, 61
2025/12/18 14:31:43.898, 0, 38 %, 20 %, 2018 MiB, 122.77 W, 55
2025/12/18 14:31:43.899, 1, 42 %, 27 %, 1935 MiB, 186.77 W, 61
2025/12/18 14:31:44.899, 0, 35 %, 15 %, 2018 MiB, 121.33 W, 55
2025/12/18 14:31:44.900, 1, 39 %, 20 %, 1935 MiB, 181.72 W, 61
2025/12/18 14:31:45.901, 0, 38 %, 20 %, 2018 MiB, 121.34 W, 55
2025/12/18 14:31:45.902, 1, 43 %, 28 %, 1935 MiB, 180.31 W, 61
2025/12/18 14:31:46.902, 0, 36 %, 16 %, 2018 MiB, 122.03 W, 55
2025/12/18 14:31:46.903, 1, 41 %, 22 %, 1935 MiB, 182.42 W, 61
2025/12/18 14:31:47.903, 0, 40 %, 18 %, 2018 MiB, 120.57 W, 55
2025/12/18 14:31:47.904, 1, 39 %, 22 %, 1935 MiB, 178.55 W, 61
2025/12/18 14:31:48.905, 0, 37 %, 22 %, 2018 MiB, 119.31 W, 55
2025/12/18 14:31:48.905, 1, 44 %, 29 %, 1935 MiB, 179.32 W, 61
2025/12/18 14:31:49.906, 0, 39 %, 21 %, 2018 MiB, 125.21 W, 55
2025/12/18 14:31:49.907, 1, 44 %, 30 %, 1935 MiB, 194.61 W, 62
2025/12/18 14:31:50.907, 0, 38 %, 16 %, 2018 MiB, 122.04 W, 55
2025/12/18 14:31:50.908, 1, 40 %, 21 %, 1935 MiB, 184.73 W, 61
2025/12/18 14:31:51.909, 0, 38 %, 21 %, 2018 MiB, 123.82 W, 55
2025/12/18 14:31:51.909, 1, 43 %, 28 %, 1935 MiB, 188.82 W, 62
2025/12/18 14:31:52.910, 0, 38 %, 21 %, 2018 MiB, 124.84 W, 55
2025/12/18 14:31:52.910, 1, 43 %, 28 %, 1935 MiB, 192.91 W, 62
2025/12/18 14:31:53.911, 0, 38 %, 22 %, 2018 MiB, 124.53 W, 55
2025/12/18 14:31:53.912, 1, 44 %, 31 %, 1935 MiB, 191.59 W, 62
2025/12/18 14:31:54.912, 0, 39 %, 22 %, 2018 MiB, 125.94 W, 56
2025/12/18 14:31:54.913, 1, 45 %, 31 %, 1935 MiB, 195.98 W, 62
2025/12/18 14:31:55.913, 0, 38 %, 22 %, 2018 MiB, 124.01 W, 55
2025/12/18 14:31:55.914, 1, 45 %, 31 %, 1935 MiB, 190.11 W, 62
2025/12/18 14:31:56.915, 0, 37 %, 19 %, 2018 MiB, 123.64 W, 56
2025/12/18 14:31:56.916, 1, 42 %, 25 %, 1935 MiB, 186.61 W, 62
2025/12/18 14:31:57.916, 0, 37 %, 15 %, 2018 MiB, 123.08 W, 56
2025/12/18 14:31:57.917, 1, 36 %, 19 %, 1935 MiB, 186.12 W, 62
2025/12/18 14:31:58.918, 0, 36 %, 16 %, 2018 MiB, 117.89 W, 55
2025/12/18 14:31:58.918, 1, 38 %, 21 %, 1935 MiB, 174.82 W, 61
2025/12/18 14:31:59.919, 0, 38 %, 20 %, 2018 MiB, 122.12 W, 56
2025/12/18 14:31:59.919, 1, 43 %, 27 %, 1935 MiB, 186.12 W, 62
2025/12/18 14:32:00.920, 0, 38 %, 20 %, 2018 MiB, 124.71 W, 56
2025/12/18 14:32:00.920, 1, 42 %, 27 %, 1935 MiB, 191.86 W, 62
2025/12/18 14:32:01.921, 0, 31 %, 13 %, 2018 MiB, 120.37 W, 56
2025/12/18 14:32:01.922, 1, 38 %, 21 %, 1935 MiB, 181.36 W, 62
2025/12/18 14:32:02.922, 0, 39 %, 20 %, 2018 MiB, 123.62 W, 55
2025/12/18 14:32:02.923, 1, 43 %, 28 %, 1935 MiB, 186.90 W, 62
2025/12/18 14:32:03.924, 0, 37 %, 21 %, 2018 MiB, 123.31 W, 56
2025/12/18 14:32:03.925, 1, 44 %, 30 %, 1935 MiB, 189.08 W, 62
2025/12/18 14:32:04.925, 0, 37 %, 17 %, 2018 MiB, 123.74 W, 56
2025/12/18 14:32:04.926, 1, 40 %, 23 %, 1935 MiB, 189.21 W, 62
2025/12/18 14:32:05.926, 0, 37 %, 17 %, 2018 MiB, 118.28 W, 56
2025/12/18 14:32:05.927, 1, 40 %, 23 %, 1935 MiB, 175.76 W, 62
2025/12/18 14:32:06.928, 0, 37 %, 17 %, 2018 MiB, 123.29 W, 56
2025/12/18 14:32:06.928, 1, 42 %, 24 %, 1935 MiB, 186.49 W, 62
2025/12/18 14:32:07.929, 0, 36 %, 16 %, 2018 MiB, 121.20 W, 56
2025/12/18 14:32:07.929, 1, 37 %, 21 %, 1935 MiB, 180.30 W, 62
2025/12/18 14:32:08.930, 0, 36 %, 17 %, 2018 MiB, 120.99 W, 56
2025/12/18 14:32:08.931, 1, 39 %, 23 %, 1935 MiB, 181.40 W, 62
2025/12/18 14:32:09.932, 0, 36 %, 16 %, 2018 MiB, 122.06 W, 56
2025/12/18 14:32:09.932, 1, 37 %, 20 %, 1935 MiB, 186.57 W, 62
2025/12/18 14:32:10.933, 0, 38 %, 21 %, 2018 MiB, 122.81 W, 56
2025/12/18 14:32:10.934, 1, 43 %, 29 %, 1935 MiB, 186.99 W, 63
2025/12/18 14:32:11.934, 0, 36 %, 17 %, 2018 MiB, 121.64 W, 56
2025/12/18 14:32:11.935, 1, 40 %, 23 %, 1935 MiB, 183.39 W, 63
2025/12/18 14:32:12.936, 0, 38 %, 22 %, 2018 MiB, 124.61 W, 57
2025/12/18 14:32:12.936, 1, 44 %, 31 %, 1935 MiB, 187.13 W, 63
2025/12/18 14:32:13.937, 0, 38 %, 22 %, 2018 MiB, 118.04 W, 56
2025/12/18 14:32:13.937, 1, 44 %, 31 %, 1935 MiB, 179.90 W, 62
2025/12/18 14:32:14.938, 0, 37 %, 20 %, 2018 MiB, 120.99 W, 56
2025/12/18 14:32:14.939, 1, 43 %, 29 %, 1935 MiB, 185.15 W, 62
2025/12/18 14:32:15.939, 0, 35 %, 19 %, 2018 MiB, 120.64 W, 57
2025/12/18 14:32:15.940, 1, 40 %, 26 %, 1935 MiB, 180.50 W, 63
2025/12/18 14:32:16.941, 0, 37 %, 21 %, 2018 MiB, 125.10 W, 57
2025/12/18 14:32:16.942, 1, 44 %, 30 %, 1935 MiB, 192.66 W, 63
2025/12/18 14:32:17.942, 0, 38 %, 21 %, 2018 MiB, 122.50 W, 57
2025/12/18 14:32:17.943, 1, 44 %, 30 %, 1935 MiB, 186.74 W, 62
2025/12/18 14:32:18.944, 0, 39 %, 21 %, 2018 MiB, 121.75 W, 57
2025/12/18 14:32:18.944, 1, 44 %, 29 %, 1935 MiB, 183.91 W, 63
2025/12/18 14:32:19.945, 0, 34 %, 15 %, 2018 MiB, 123.40 W, 56
2025/12/18 14:32:19.945, 1, 36 %, 21 %, 1935 MiB, 188.39 W, 62
2025/12/18 14:32:20.946, 0, 34 %, 15 %, 2018 MiB, 119.07 W, 57
2025/12/18 14:32:20.947, 1, 40 %, 22 %, 1935 MiB, 177.16 W, 62
2025/12/18 14:32:21.948, 0, 37 %, 16 %, 2018 MiB, 119.57 W, 57
2025/12/18 14:32:21.948, 1, 40 %, 22 %, 1935 MiB, 176.80 W, 63
2025/12/18 14:32:22.949, 0, 32 %, 15 %, 2018 MiB, 119.21 W, 56
2025/12/18 14:32:22.950, 1, 34 %, 20 %, 1935 MiB, 172.96 W, 62
2025/12/18 14:32:23.950, 0, 38 %, 20 %, 2018 MiB, 120.78 W, 57
2025/12/18 14:32:23.951, 1, 43 %, 28 %, 1935 MiB, 180.63 W, 63
2025/12/18 14:32:24.951, 0, 37 %, 20 %, 2018 MiB, 125.65 W, 57
2025/12/18 14:32:24.952, 1, 43 %, 27 %, 1935 MiB, 193.22 W, 63
2025/12/18 14:32:25.953, 0, 37 %, 17 %, 2018 MiB, 125.04 W, 57
2025/12/18 14:32:25.953, 1, 41 %, 23 %, 1935 MiB, 189.68 W, 63
2025/12/18 14:32:26.954, 0, 39 %, 19 %, 2018 MiB, 124.56 W, 57
2025/12/18 14:32:26.955, 1, 43 %, 25 %, 1935 MiB, 185.76 W, 63
2025/12/18 14:32:27.955, 0, 37 %, 17 %, 2018 MiB, 124.50 W, 57
2025/12/18 14:32:27.956, 1, 40 %, 24 %, 1935 MiB, 189.45 W, 63
2025/12/18 14:32:28.957, 0, 37 %, 17 %, 2018 MiB, 124.23 W, 57
2025/12/18 14:32:28.957, 1, 40 %, 22 %, 1935 MiB, 185.50 W, 63
2025/12/18 14:32:29.958, 0, 38 %, 21 %, 2018 MiB, 120.10 W, 57
2025/12/18 14:32:29.958, 1, 43 %, 28 %, 1935 MiB, 177.89 W, 63
2025/12/18 14:32:30.959, 0, 37 %, 22 %, 2018 MiB, 126.81 W, 57
2025/12/18 14:32:30.959, 1, 44 %, 31 %, 1935 MiB, 195.08 W, 63
2025/12/18 14:32:31.960, 0, 37 %, 19 %, 2018 MiB, 125.18 W, 57
2025/12/18 14:32:31.961, 1, 43 %, 28 %, 1935 MiB, 190.76 W, 63
2025/12/18 14:32:32.961, 0, 38 %, 20 %, 2018 MiB, 121.73 W, 57
2025/12/18 14:32:32.962, 1, 42 %, 27 %, 1935 MiB, 183.80 W, 63
2025/12/18 14:32:33.965, 0, 38 %, 19 %, 2018 MiB, 124.81 W, 57
2025/12/18 14:32:33.966, 1, 43 %, 28 %, 1935 MiB, 186.33 W, 64
2025/12/18 14:32:34.967, 0, 39 %, 19 %, 2018 MiB, 125.72 W, 57
2025/12/18 14:32:34.968, 1, 40 %, 22 %, 1935 MiB, 190.07 W, 63
2025/12/18 14:32:35.968, 0, 38 %, 22 %, 2018 MiB, 125.32 W, 57
2025/12/18 14:32:35.969, 1, 40 %, 25 %, 1935 MiB, 187.54 W, 63
2025/12/18 14:32:36.969, 0, 37 %, 20 %, 2018 MiB, 125.23 W, 57
2025/12/18 14:32:36.970, 1, 43 %, 28 %, 1935 MiB, 186.65 W, 64
2025/12/18 14:32:37.970, 0, 38 %, 22 %, 2018 MiB, 127.54 W, 58
2025/12/18 14:32:37.978, 1, 44 %, 30 %, 1935 MiB, 195.59 W, 64
2025/12/18 14:32:38.978, 0, 39 %, 20 %, 2018 MiB, 127.44 W, 58
2025/12/18 14:32:38.979, 1, 43 %, 28 %, 1935 MiB, 194.97 W, 64
2025/12/18 14:32:39.979, 0, 37 %, 22 %, 2018 MiB, 126.74 W, 58
2025/12/18 14:32:39.980, 1, 42 %, 24 %, 1935 MiB, 192.55 W, 64
2025/12/18 14:32:40.981, 0, 38 %, 18 %, 2018 MiB, 125.96 W, 58
2025/12/18 14:32:40.981, 1, 44 %, 31 %, 1935 MiB, 189.44 W, 64
2025/12/18 14:32:41.982, 0, 38 %, 22 %, 2018 MiB, 126.71 W, 58
2025/12/18 14:32:41.983, 1, 39 %, 21 %, 1935 MiB, 191.26 W, 64
2025/12/18 14:32:42.984, 0, 38 %, 19 %, 2018 MiB, 124.34 W, 58
2025/12/18 14:32:42.984, 1, 43 %, 30 %, 1935 MiB, 186.14 W, 64
2025/12/18 14:32:43.985, 0, 38 %, 22 %, 2018 MiB, 127.67 W, 58
2025/12/18 14:32:43.985, 1, 43 %, 26 %, 1935 MiB, 194.75 W, 64
2025/12/18 14:32:44.986, 0, 38 %, 22 %, 2018 MiB, 128.09 W, 58
2025/12/18 14:32:44.987, 1, 44 %, 29 %, 1935 MiB, 196.49 W, 64
2025/12/18 14:32:45.987, 0, 38 %, 22 %, 2018 MiB, 127.59 W, 58
2025/12/18 14:32:45.988, 1, 44 %, 30 %, 1935 MiB, 196.76 W, 64
2025/12/18 14:32:46.988, 0, 38 %, 22 %, 2018 MiB, 127.74 W, 58
2025/12/18 14:32:46.991, 1, 46 %, 31 %, 1935 MiB, 195.96 W, 64
2025/12/18 14:32:47.992, 0, 39 %, 18 %, 2018 MiB, 126.11 W, 58
2025/12/18 14:32:47.993, 1, 42 %, 22 %, 1935 MiB, 186.81 W, 64
2025/12/18 14:32:48.993, 0, 38 %, 20 %, 2018 MiB, 128.10 W, 58
2025/12/18 14:32:48.994, 1, 43 %, 28 %, 1935 MiB, 195.83 W, 64
2025/12/18 14:32:49.994, 0, 38 %, 22 %, 2018 MiB, 126.99 W, 58
2025/12/18 14:32:49.995, 1, 44 %, 29 %, 1935 MiB, 192.23 W, 64
2025/12/18 14:32:50.995, 0, 38 %, 22 %, 2018 MiB, 123.30 W, 58
2025/12/18 14:32:50.996, 1, 44 %, 31 %, 1935 MiB, 179.73 W, 64
2025/12/18 14:32:51.997, 0, 38 %, 22 %, 2018 MiB, 127.36 W, 58
2025/12/18 14:32:51.997, 1, 44 %, 31 %, 1935 MiB, 192.84 W, 64
2025/12/18 14:32:52.998, 0, 38 %, 18 %, 2018 MiB, 127.56 W, 58
2025/12/18 14:32:52.999, 1, 42 %, 25 %, 1935 MiB, 193.56 W, 64
2025/12/18 14:32:53.999, 0, 37 %, 21 %, 2018 MiB, 127.82 W, 58
2025/12/18 14:32:54.000, 1, 43 %, 28 %, 1935 MiB, 193.22 W, 65
2025/12/18 14:32:55.000, 0, 37 %, 21 %, 2018 MiB, 128.30 W, 58
2025/12/18 14:32:55.001, 1, 45 %, 29 %, 1935 MiB, 195.85 W, 64
2025/12/18 14:32:56.002, 0, 37 %, 16 %, 2018 MiB, 126.95 W, 58
2025/12/18 14:32:56.002, 1, 42 %, 23 %, 1935 MiB, 190.30 W, 64
2025/12/18 14:32:57.003, 0, 37 %, 22 %, 2018 MiB, 126.46 W, 58
2025/12/18 14:32:57.003, 1, 45 %, 29 %, 1935 MiB, 189.33 W, 64
2025/12/18 14:32:58.004, 0, 38 %, 22 %, 2018 MiB, 126.94 W, 58
2025/12/18 14:32:58.005, 1, 44 %, 30 %, 1935 MiB, 192.83 W, 64
2025/12/18 14:32:59.005, 0, 35 %, 15 %, 2018 MiB, 126.80 W, 58
2025/12/18 14:32:59.006, 1, 37 %, 20 %, 1935 MiB, 191.98 W, 64
2025/12/18 14:33:00.007, 0, 38 %, 18 %, 2018 MiB, 122.05 W, 58
2025/12/18 14:33:00.007, 1, 40 %, 23 %, 1935 MiB, 176.87 W, 64
2025/12/18 14:33:01.008, 0, 36 %, 15 %, 2018 MiB, 124.04 W, 59
2025/12/18 14:33:01.008, 1, 39 %, 21 %, 1935 MiB, 180.98 W, 64
2025/12/18 14:33:02.009, 0, 38 %, 21 %, 2018 MiB, 128.16 W, 59
2025/12/18 14:33:02.009, 1, 45 %, 31 %, 1935 MiB, 194.42 W, 64
2025/12/18 14:33:03.010, 0, 38 %, 22 %, 2018 MiB, 128.66 W, 58
2025/12/18 14:33:03.011, 1, 44 %, 31 %, 1935 MiB, 195.57 W, 65
2025/12/18 14:33:04.011, 0, 35 %, 16 %, 2018 MiB, 125.79 W, 58
2025/12/18 14:33:04.012, 1, 39 %, 22 %, 1935 MiB, 188.03 W, 64
2025/12/18 14:33:05.013, 0, 37 %, 19 %, 2018 MiB, 125.78 W, 58
2025/12/18 14:33:05.013, 1, 41 %, 24 %, 1935 MiB, 187.63 W, 64
2025/12/18 14:33:06.014, 0, 38 %, 22 %, 2018 MiB, 127.48 W, 59
2025/12/18 14:33:06.015, 1, 44 %, 30 %, 1935 MiB, 194.31 W, 65
2025/12/18 14:33:07.015, 0, 32 %, 13 %, 2018 MiB, 125.92 W, 58
2025/12/18 14:33:07.016, 1, 40 %, 22 %, 1935 MiB, 192.76 W, 64
2025/12/18 14:33:08.017, 0, 38 %, 19 %, 2018 MiB, 121.69 W, 59
2025/12/18 14:33:08.017, 1, 43 %, 28 %, 1935 MiB, 172.97 W, 64
2025/12/18 14:33:09.018, 0, 36 %, 15 %, 2018 MiB, 119.43 W, 59
2025/12/18 14:33:09.018, 1, 38 %, 20 %, 1935 MiB, 175.41 W, 64
2025/12/18 14:33:10.019, 0, 38 %, 21 %, 2018 MiB, 125.54 W, 59
2025/12/18 14:33:10.020, 1, 43 %, 27 %, 1935 MiB, 185.57 W, 64
2025/12/18 14:33:11.020, 0, 38 %, 21 %, 2018 MiB, 128.11 W, 59
2025/12/18 14:33:11.021, 1, 43 %, 28 %, 1935 MiB, 193.93 W, 65
2025/12/18 14:33:12.022, 0, 38 %, 18 %, 2018 MiB, 127.61 W, 59
2025/12/18 14:33:12.023, 1, 42 %, 24 %, 1935 MiB, 191.72 W, 65
2025/12/18 14:33:13.023, 0, 38 %, 21 %, 2018 MiB, 128.33 W, 59
2025/12/18 14:33:13.024, 1, 43 %, 28 %, 1935 MiB, 194.21 W, 65
2025/12/18 14:33:14.024, 0, 37 %, 20 %, 2018 MiB, 128.51 W, 59
2025/12/18 14:33:14.025, 1, 43 %, 29 %, 1935 MiB, 195.49 W, 65
2025/12/18 14:33:15.026, 0, 38 %, 16 %, 2018 MiB, 127.87 W, 59
2025/12/18 14:33:15.026, 1, 41 %, 22 %, 1935 MiB, 192.85 W, 65
2025/12/18 14:33:16.027, 0, 38 %, 18 %, 2018 MiB, 125.05 W, 59
2025/12/18 14:33:16.027, 1, 42 %, 24 %, 1935 MiB, 181.48 W, 64
2025/12/18 14:33:17.028, 0, 37 %, 21 %, 2018 MiB, 127.90 W, 59
2025/12/18 14:33:17.029, 1, 44 %, 31 %, 1935 MiB, 193.52 W, 65
2025/12/18 14:33:18.029, 0, 38 %, 17 %, 2018 MiB, 124.95 W, 59
2025/12/18 14:33:18.030, 1, 41 %, 24 %, 1935 MiB, 187.00 W, 64
2025/12/18 14:33:19.031, 0, 38 %, 18 %, 2018 MiB, 126.81 W, 59
2025/12/18 14:33:19.031, 1, 41 %, 24 %, 1935 MiB, 188.12 W, 65
2025/12/18 14:33:20.032, 0, 39 %, 19 %, 2018 MiB, 128.24 W, 59
2025/12/18 14:33:20.032, 1, 42 %, 25 %, 1935 MiB, 193.94 W, 65
2025/12/18 14:33:21.033, 0, 38 %, 20 %, 2018 MiB, 126.11 W, 59
2025/12/18 14:33:21.034, 1, 43 %, 28 %, 1935 MiB, 188.56 W, 65
2025/12/18 14:33:22.034, 0, 34 %, 15 %, 2018 MiB, 125.26 W, 59
2025/12/18 14:33:22.035, 1, 38 %, 21 %, 1935 MiB, 183.87 W, 65
2025/12/18 14:33:23.035, 0, 37 %, 18 %, 2018 MiB, 127.01 W, 59
2025/12/18 14:33:23.036, 1, 42 %, 26 %, 1935 MiB, 188.12 W, 65
2025/12/18 14:33:24.037, 0, 35 %, 16 %, 2018 MiB, 124.04 W, 59
2025/12/18 14:33:24.037, 1, 37 %, 21 %, 1935 MiB, 182.27 W, 64
2025/12/18 14:33:25.038, 0, 36 %, 16 %, 2018 MiB, 122.58 W, 59
2025/12/18 14:33:25.039, 1, 37 %, 20 %, 1935 MiB, 182.51 W, 65
2025/12/18 14:33:26.040, 0, 38 %, 18 %, 2018 MiB, 125.28 W, 59
2025/12/18 14:33:26.040, 1, 41 %, 24 %, 1935 MiB, 186.05 W, 65
2025/12/18 14:33:27.041, 0, 35 %, 15 %, 2018 MiB, 126.48 W, 59
2025/12/18 14:33:27.041, 1, 36 %, 20 %, 1935 MiB, 189.11 W, 64
2025/12/18 14:33:28.042, 0, 36 %, 19 %, 2018 MiB, 122.04 W, 59
2025/12/18 14:33:28.043, 1, 39 %, 25 %, 1935 MiB, 181.47 W, 65
2025/12/18 14:33:29.043, 0, 35 %, 15 %, 2018 MiB, 124.78 W, 59
2025/12/18 14:33:29.044, 1, 39 %, 22 %, 1935 MiB, 187.01 W, 65
2025/12/18 14:33:30.045, 0, 38 %, 20 %, 2018 MiB, 122.86 W, 59
2025/12/18 14:33:30.045, 1, 42 %, 26 %, 1935 MiB, 183.04 W, 65
2025/12/18 14:33:31.046, 0, 38 %, 20 %, 2018 MiB, 124.17 W, 59
2025/12/18 14:33:31.047, 1, 43 %, 28 %, 1935 MiB, 184.21 W, 65
2025/12/18 14:33:32.047, 0, 38 %, 20 %, 2018 MiB, 128.18 W, 59
2025/12/18 14:33:32.048, 1, 42 %, 27 %, 1935 MiB, 193.16 W, 65
2025/12/18 14:33:33.049, 0, 37 %, 20 %, 2018 MiB, 125.03 W, 59
2025/12/18 14:33:33.049, 1, 37 %, 25 %, 1935 MiB, 186.15 W, 65
2025/12/18 14:33:34.050, 0, 38 %, 17 %, 2018 MiB, 123.75 W, 59
2025/12/18 14:33:34.050, 1, 41 %, 23 %, 1935 MiB, 182.94 W, 64
2025/12/18 14:33:35.051, 0, 37 %, 21 %, 2018 MiB, 128.11 W, 59
2025/12/18 14:33:35.052, 1, 44 %, 29 %, 1935 MiB, 192.03 W, 65
2025/12/18 14:33:36.052, 0, 35 %, 15 %, 2018 MiB, 127.36 W, 59
2025/12/18 14:33:36.053, 1, 37 %, 20 %, 1935 MiB, 190.05 W, 64
2025/12/18 14:33:37.053, 0, 39 %, 17 %, 2018 MiB, 124.71 W, 59
2025/12/18 14:33:37.054, 1, 40 %, 22 %, 1935 MiB, 181.08 W, 65
2025/12/18 14:33:38.055, 0, 38 %, 20 %, 2018 MiB, 127.65 W, 59
2025/12/18 14:33:38.056, 1, 44 %, 29 %, 1935 MiB, 189.16 W, 65
2025/12/18 14:33:39.056, 0, 37 %, 20 %, 2018 MiB, 128.83 W, 59
2025/12/18 14:33:39.057, 1, 43 %, 28 %, 1935 MiB, 192.58 W, 65
2025/12/18 14:33:40.057, 0, 37 %, 16 %, 2018 MiB, 127.18 W, 59
2025/12/18 14:33:40.058, 1, 39 %, 21 %, 1935 MiB, 185.64 W, 65
2025/12/18 14:33:41.059, 0, 39 %, 17 %, 2018 MiB, 126.48 W, 59
2025/12/18 14:33:41.059, 1, 41 %, 22 %, 1935 MiB, 182.48 W, 65
2025/12/18 14:33:42.060, 0, 38 %, 16 %, 2018 MiB, 128.51 W, 59
2025/12/18 14:33:42.061, 1, 40 %, 22 %, 1935 MiB, 192.04 W, 65
2025/12/18 14:33:43.061, 0, 38 %, 19 %, 2018 MiB, 125.40 W, 59
2025/12/18 14:33:43.062, 1, 42 %, 25 %, 1935 MiB, 186.13 W, 65
2025/12/18 14:33:44.063, 0, 38 %, 18 %, 2018 MiB, 128.59 W, 59
2025/12/18 14:33:44.064, 1, 42 %, 26 %, 1935 MiB, 194.97 W, 65
2025/12/18 14:33:45.064, 0, 36 %, 17 %, 2018 MiB, 128.14 W, 59
2025/12/18 14:33:45.065, 1, 39 %, 22 %, 1935 MiB, 192.39 W, 65
2025/12/18 14:33:46.065, 0, 38 %, 19 %, 2018 MiB, 127.29 W, 60
2025/12/18 14:33:46.066, 1, 42 %, 26 %, 1935 MiB, 189.94 W, 65
2025/12/18 14:33:47.066, 0, 38 %, 18 %, 2018 MiB, 127.46 W, 59
2025/12/18 14:33:47.067, 1, 39 %, 21 %, 1935 MiB, 186.30 W, 65
2025/12/18 14:33:48.068, 0, 37 %, 22 %, 2018 MiB, 128.13 W, 60
2025/12/18 14:33:48.068, 1, 44 %, 31 %, 1935 MiB, 190.73 W, 65
2025/12/18 14:33:49.069, 0, 38 %, 19 %, 2018 MiB, 127.70 W, 59
2025/12/18 14:33:49.070, 1, 41 %, 23 %, 1935 MiB, 189.77 W, 65
2025/12/18 14:33:50.070, 0, 39 %, 21 %, 2018 MiB, 125.88 W, 59
2025/12/18 14:33:50.071, 1, 45 %, 30 %, 1935 MiB, 189.86 W, 64
2025/12/18 14:33:51.072, 0, 38 %, 20 %, 2018 MiB, 127.36 W, 59
2025/12/18 14:33:51.072, 1, 43 %, 27 %, 1935 MiB, 191.33 W, 65
2025/12/18 14:33:52.073, 0, 38 %, 17 %, 2018 MiB, 127.06 W, 59
2025/12/18 14:33:52.074, 1, 41 %, 22 %, 1935 MiB, 189.62 W, 65
2025/12/18 14:33:53.074, 0, 38 %, 18 %, 2018 MiB, 124.83 W, 60
2025/12/18 14:33:53.075, 1, 42 %, 26 %, 1935 MiB, 183.72 W, 65
2025/12/18 14:33:54.075, 0, 35 %, 17 %, 2018 MiB, 125.29 W, 59
2025/12/18 14:33:54.076, 1, 40 %, 23 %, 1935 MiB, 180.78 W, 65
2025/12/18 14:33:55.077, 0, 37 %, 21 %, 2018 MiB, 128.19 W, 60
2025/12/18 14:33:55.077, 1, 44 %, 28 %, 1935 MiB, 191.49 W, 65
2025/12/18 14:33:56.078, 0, 38 %, 22 %, 2018 MiB, 129.21 W, 60
2025/12/18 14:33:56.079, 1, 44 %, 29 %, 1935 MiB, 196.00 W, 65
2025/12/18 14:33:57.079, 0, 38 %, 22 %, 2018 MiB, 130.02 W, 60
2025/12/18 14:33:57.080, 1, 45 %, 31 %, 1935 MiB, 198.62 W, 65
2025/12/18 14:33:58.080, 0, 39 %, 22 %, 2018 MiB, 129.25 W, 60
2025/12/18 14:33:58.081, 1, 45 %, 31 %, 1935 MiB, 195.35 W, 65
2025/12/18 14:33:59.081, 0, 38 %, 22 %, 2018 MiB, 130.04 W, 60
2025/12/18 14:33:59.082, 1, 44 %, 31 %, 1935 MiB, 198.52 W, 65
2025/12/18 14:34:00.083, 0, 38 %, 22 %, 2020 MiB, 128.70 W, 60
2025/12/18 14:34:00.083, 1, 45 %, 31 %, 1937 MiB, 193.79 W, 65
2025/12/18 14:34:01.084, 0, 38 %, 21 %, 2020 MiB, 128.13 W, 60
2025/12/18 14:34:01.085, 1, 43 %, 28 %, 1937 MiB, 191.69 W, 65
2025/12/18 14:34:02.085, 0, 38 %, 18 %, 2020 MiB, 128.81 W, 60
2025/12/18 14:34:02.086, 1, 42 %, 24 %, 1937 MiB, 193.31 W, 65
2025/12/18 14:34:03.087, 0, 37 %, 20 %, 2020 MiB, 129.25 W, 60
2025/12/18 14:34:03.087, 1, 42 %, 27 %, 1937 MiB, 196.24 W, 65
2025/12/18 14:34:04.088, 0, 38 %, 22 %, 2020 MiB, 127.94 W, 60
2025/12/18 14:34:04.088, 1, 45 %, 31 %, 1937 MiB, 193.88 W, 65
2025/12/18 14:34:05.089, 0, 38 %, 20 %, 2020 MiB, 128.23 W, 60
2025/12/18 14:34:05.090, 1, 43 %, 28 %, 1937 MiB, 193.88 W, 65
2025/12/18 14:34:06.090, 0, 38 %, 22 %, 2020 MiB, 129.04 W, 60
2025/12/18 14:34:06.091, 1, 45 %, 31 %, 1937 MiB, 195.82 W, 66
2025/12/18 14:34:07.091, 0, 37 %, 21 %, 2020 MiB, 127.85 W, 60
2025/12/18 14:34:07.092, 1, 42 %, 28 %, 1937 MiB, 193.33 W, 65
2025/12/18 14:34:08.093, 0, 38 %, 17 %, 2020 MiB, 128.09 W, 60
2025/12/18 14:34:08.093, 1, 40 %, 21 %, 1937 MiB, 188.24 W, 65
2025/12/18 14:34:09.094, 0, 36 %, 16 %, 2020 MiB, 126.14 W, 60
2025/12/18 14:34:09.095, 1, 37 %, 20 %, 1937 MiB, 187.09 W, 65
2025/12/18 14:34:10.095, 0, 38 %, 19 %, 2020 MiB, 126.57 W, 60
2025/12/18 14:34:10.096, 1, 42 %, 26 %, 1937 MiB, 184.51 W, 65
2025/12/18 14:34:11.097, 0, 38 %, 22 %, 2020 MiB, 128.23 W, 60
2025/12/18 14:34:11.097, 1, 44 %, 29 %, 1937 MiB, 193.59 W, 66
2025/12/18 14:34:12.098, 0, 40 %, 16 %, 2020 MiB, 126.32 W, 60
2025/12/18 14:34:12.098, 1, 41 %, 23 %, 1937 MiB, 187.31 W, 65
2025/12/18 14:34:13.099, 0, 39 %, 16 %, 2020 MiB, 125.78 W, 60
2025/12/18 14:34:13.100, 1, 41 %, 21 %, 1937 MiB, 179.89 W, 65
2025/12/18 14:34:14.100, 0, 38 %, 17 %, 2020 MiB, 125.88 W, 60
2025/12/18 14:34:14.101, 1, 41 %, 22 %, 1937 MiB, 176.92 W, 65
2025/12/18 14:34:15.101, 0, 38 %, 21 %, 2020 MiB, 128.33 W, 60
2025/12/18 14:34:15.102, 1, 43 %, 28 %, 1937 MiB, 193.60 W, 65
2025/12/18 14:34:16.103, 0, 38 %, 20 %, 2020 MiB, 129.10 W, 60
2025/12/18 14:34:16.104, 1, 43 %, 27 %, 1937 MiB, 195.31 W, 65
2025/12/18 14:34:17.104, 0, 39 %, 21 %, 2020 MiB, 129.49 W, 60
2025/12/18 14:34:17.105, 1, 43 %, 29 %, 1937 MiB, 195.81 W, 65
2025/12/18 14:34:18.105, 0, 38 %, 21 %, 2020 MiB, 123.90 W, 60
2025/12/18 14:34:18.106, 1, 43 %, 29 %, 1937 MiB, 183.89 W, 65
2025/12/18 14:34:19.106, 0, 37 %, 22 %, 2020 MiB, 129.74 W, 60
2025/12/18 14:34:19.107, 1, 44 %, 31 %, 1937 MiB, 197.69 W, 65
2025/12/18 14:34:20.108, 0, 39 %, 22 %, 2020 MiB, 129.49 W, 60
2025/12/18 14:34:20.108, 1, 44 %, 30 %, 1937 MiB, 196.95 W, 66
2025/12/18 14:34:21.109, 0, 38 %, 21 %, 2020 MiB, 129.47 W, 60
2025/12/18 14:34:21.110, 1, 44 %, 29 %, 1937 MiB, 196.21 W, 66
2025/12/18 14:34:22.111, 0, 39 %, 19 %, 2020 MiB, 129.33 W, 60
2025/12/18 14:34:22.111, 1, 44 %, 28 %, 1937 MiB, 195.39 W, 65
2025/12/18 14:34:23.112, 0, 38 %, 16 %, 2020 MiB, 128.01 W, 60
2025/12/18 14:34:23.112, 1, 40 %, 20 %, 1937 MiB, 188.60 W, 65
2025/12/18 14:34:24.113, 0, 38 %, 19 %, 2020 MiB, 127.41 W, 60
2025/12/18 14:34:24.113, 1, 41 %, 24 %, 1937 MiB, 188.95 W, 66
2025/12/18 14:34:25.114, 0, 37 %, 17 %, 2020 MiB, 128.41 W, 60
2025/12/18 14:34:25.115, 1, 41 %, 22 %, 1937 MiB, 193.25 W, 65
2025/12/18 14:34:26.115, 0, 38 %, 18 %, 2020 MiB, 129.48 W, 60
2025/12/18 14:34:26.116, 1, 40 %, 24 %, 1937 MiB, 195.74 W, 66
2025/12/18 14:34:27.116, 0, 39 %, 21 %, 2020 MiB, 128.96 W, 60
2025/12/18 14:34:27.117, 1, 43 %, 28 %, 1937 MiB, 194.39 W, 65
2025/12/18 14:34:28.118, 0, 38 %, 21 %, 2020 MiB, 128.83 W, 60
2025/12/18 14:34:28.119, 1, 44 %, 29 %, 1937 MiB, 192.50 W, 66
2025/12/18 14:34:29.119, 0, 38 %, 18 %, 2020 MiB, 128.38 W, 60
2025/12/18 14:34:29.120, 1, 42 %, 24 %, 1937 MiB, 192.52 W, 66
2025/12/18 14:34:30.121, 0, 38 %, 21 %, 2020 MiB, 129.45 W, 60
2025/12/18 14:34:30.121, 1, 44 %, 30 %, 1937 MiB, 194.99 W, 66
2025/12/18 14:34:31.122, 0, 37 %, 16 %, 2020 MiB, 128.50 W, 60
2025/12/18 14:34:31.122, 1, 40 %, 21 %, 1937 MiB, 191.94 W, 65
2025/12/18 14:34:32.123, 0, 38 %, 20 %, 2020 MiB, 127.41 W, 60
2025/12/18 14:34:32.123, 1, 44 %, 29 %, 1937 MiB, 191.12 W, 66
2025/12/18 14:34:33.124, 0, 38 %, 17 %, 2020 MiB, 128.51 W, 60
2025/12/18 14:34:33.126, 1, 44 %, 29 %, 1937 MiB, 189.66 W, 65
2025/12/18 14:34:34.132, 0, 38 %, 16 %, 2020 MiB, 126.11 W, 60
2025/12/18 14:34:34.132, 1, 38 %, 20 %, 1937 MiB, 183.32 W, 65
2025/12/18 14:34:35.133, 0, 39 %, 23 %, 2020 MiB, 128.40 W, 60
2025/12/18 14:34:35.134, 1, 44 %, 30 %, 1937 MiB, 194.21 W, 66
2025/12/18 14:34:36.134, 0, 37 %, 20 %, 2020 MiB, 128.54 W, 60
2025/12/18 14:34:36.135, 1, 42 %, 27 %, 1937 MiB, 192.64 W, 65
2025/12/18 14:34:37.135, 0, 38 %, 21 %, 2020 MiB, 127.73 W, 60
2025/12/18 14:34:37.136, 1, 44 %, 30 %, 1937 MiB, 193.42 W, 66
2025/12/18 14:34:38.137, 0, 38 %, 19 %, 2020 MiB, 127.51 W, 60
2025/12/18 14:34:38.137, 1, 40 %, 22 %, 1937 MiB, 190.63 W, 65
2025/12/18 14:34:39.138, 0, 37 %, 19 %, 2020 MiB, 125.24 W, 60
2025/12/18 14:34:39.139, 1, 44 %, 30 %, 1937 MiB, 178.05 W, 66
2025/12/18 14:34:40.139, 0, 32 %, 14 %, 2020 MiB, 122.66 W, 60
2025/12/18 14:34:40.140, 1, 37 %, 21 %, 1937 MiB, 179.12 W, 65
2025/12/18 14:34:41.140, 0, 38 %, 22 %, 2020 MiB, 126.31 W, 60
2025/12/18 14:34:41.141, 1, 44 %, 29 %, 1937 MiB, 188.85 W, 65
2025/12/18 14:34:42.141, 0, 40 %, 20 %, 2020 MiB, 128.82 W, 60
2025/12/18 14:34:42.142, 1, 45 %, 29 %, 1937 MiB, 193.71 W, 66
2025/12/18 14:34:43.143, 0, 38 %, 19 %, 2020 MiB, 128.22 W, 60
2025/12/18 14:34:43.143, 1, 41 %, 27 %, 1937 MiB, 193.80 W, 65
2025/12/18 14:34:44.144, 0, 38 %, 22 %, 2020 MiB, 129.29 W, 60
2025/12/18 14:34:44.145, 1, 45 %, 31 %, 1937 MiB, 198.06 W, 66
2025/12/18 14:34:45.145, 0, 38 %, 22 %, 2020 MiB, 131.23 W, 60
2025/12/18 14:34:45.146, 1, 43 %, 28 %, 1937 MiB, 200.71 W, 66
2025/12/18 14:34:46.146, 0, 38 %, 23 %, 2020 MiB, 130.20 W, 60
2025/12/18 14:34:46.147, 1, 44 %, 31 %, 1937 MiB, 199.28 W, 66
2025/12/18 14:34:47.148, 0, 38 %, 20 %, 2020 MiB, 130.82 W, 60
2025/12/18 14:34:47.148, 1, 43 %, 27 %, 1937 MiB, 199.49 W, 66
2025/12/18 14:34:48.149, 0, 38 %, 22 %, 2020 MiB, 130.93 W, 60
2025/12/18 14:34:48.150, 1, 45 %, 31 %, 1937 MiB, 199.97 W, 66
2025/12/18 14:34:49.150, 0, 38 %, 22 %, 2020 MiB, 130.13 W, 60
2025/12/18 14:34:49.153, 1, 45 %, 31 %, 1937 MiB, 197.84 W, 66
2025/12/18 14:34:50.153, 0, 38 %, 21 %, 2020 MiB, 129.59 W, 60
2025/12/18 14:34:50.155, 1, 43 %, 28 %, 1937 MiB, 195.73 W, 66
2025/12/18 14:34:51.155, 0, 38 %, 18 %, 2020 MiB, 129.32 W, 60
2025/12/18 14:34:51.156, 1, 41 %, 24 %, 1937 MiB, 193.88 W, 66
2025/12/18 14:34:52.156, 0, 37 %, 19 %, 2020 MiB, 128.63 W, 61
2025/12/18 14:34:52.157, 1, 43 %, 28 %, 1937 MiB, 193.39 W, 66
2025/12/18 14:34:53.158, 0, 38 %, 21 %, 2020 MiB, 129.47 W, 61
2025/12/18 14:34:53.158, 1, 44 %, 29 %, 1937 MiB, 194.83 W, 66
2025/12/18 14:34:54.159, 0, 38 %, 21 %, 2020 MiB, 129.94 W, 61
2025/12/18 14:34:54.160, 1, 43 %, 28 %, 1937 MiB, 197.01 W, 66
2025/12/18 14:34:55.160, 0, 38 %, 20 %, 2020 MiB, 129.39 W, 61
2025/12/18 14:34:55.161, 1, 42 %, 26 %, 1937 MiB, 194.27 W, 66
2025/12/18 14:34:56.162, 0, 38 %, 22 %, 2020 MiB, 128.77 W, 61
2025/12/18 14:34:56.162, 1, 44 %, 29 %, 1937 MiB, 193.26 W, 66
2025/12/18 14:34:57.163, 0, 38 %, 16 %, 2020 MiB, 126.80 W, 60
2025/12/18 14:34:57.163, 1, 39 %, 20 %, 1937 MiB, 187.11 W, 66
2025/12/18 14:34:58.164, 0, 39 %, 21 %, 2020 MiB, 129.35 W, 61
2025/12/18 14:34:58.164, 1, 43 %, 28 %, 1937 MiB, 194.10 W, 66
2025/12/18 14:34:59.165, 0, 38 %, 16 %, 2020 MiB, 127.66 W, 61
2025/12/18 14:34:59.166, 1, 41 %, 22 %, 1937 MiB, 190.16 W, 65
2025/12/18 14:35:00.166, 0, 38 %, 20 %, 2020 MiB, 128.90 W, 61
2025/12/18 14:35:00.167, 1, 43 %, 27 %, 1937 MiB, 186.40 W, 66
2025/12/18 14:35:01.168, 0, 38 %, 22 %, 2020 MiB, 129.65 W, 61
2025/12/18 14:35:01.168, 1, 44 %, 31 %, 1937 MiB, 195.26 W, 66
2025/12/18 14:35:02.169, 0, 37 %, 18 %, 2020 MiB, 126.68 W, 61
2025/12/18 14:35:02.170, 1, 42 %, 26 %, 1937 MiB, 188.84 W, 66
2025/12/18 14:35:03.170, 0, 38 %, 21 %, 2020 MiB, 128.82 W, 61
2025/12/18 14:35:03.171, 1, 43 %, 27 %, 1937 MiB, 193.72 W, 66
2025/12/18 14:35:04.171, 0, 37 %, 16 %, 2020 MiB, 126.59 W, 61
2025/12/18 14:35:04.172, 1, 39 %, 21 %, 1937 MiB, 182.42 W, 65
2025/12/18 14:35:05.172, 0, 38 %, 23 %, 2020 MiB, 126.05 W, 61
2025/12/18 14:35:05.173, 1, 44 %, 30 %, 1937 MiB, 181.75 W, 66
2025/12/18 14:35:06.174, 0, 38 %, 16 %, 2020 MiB, 127.95 W, 61
2025/12/18 14:35:06.174, 1, 40 %, 23 %, 1937 MiB, 191.60 W, 65
2025/12/18 14:35:07.175, 0, 39 %, 19 %, 2020 MiB, 129.48 W, 61
2025/12/18 14:35:07.176, 1, 44 %, 27 %, 1937 MiB, 192.85 W, 66
2025/12/18 14:35:08.177, 0, 34 %, 16 %, 2020 MiB, 127.63 W, 60
2025/12/18 14:35:08.177, 1, 37 %, 23 %, 1937 MiB, 189.46 W, 65
