timestamp; index; utilization.gpu [%]; utilization.memory [%]; memory.used [MiB]; power.draw [W]; temperature.gpu
2025/12/26 07:30:27.504;0;0%;0%; 447 MiB; 14.88 W;30
2025/12/26 07:30:27.505;1;0%;0%; 4 MiB; 12.88 W;27
2025/12/26 07:30:28.506;0;0%;0%; 459 MiB; 26.35 W;31
2025/12/26 07:30:28.506;1;2%;0%; 4 MiB; 22.03 W;28
2025/12/26 07:30:29.507;0;6%;0%; 2634 MiB; 57.39 W;32
2025/12/26 07:30:29.508;1;0%;0%; 2633 MiB; 55.67 W;28
2025/12/26 07:30:30.508;0;7%;2%; 3304 MiB; 58.55 W;32
2025/12/26 07:30:30.509;1;0%;0%; 3303 MiB; 64.03 W;30
2025/12/26 07:30:31.509;0;39%;33%; 3310 MiB; 126.49 W;36
2025/12/26 07:30:31.510;1;43%;38%; 3309 MiB; 168.96 W;34
2025/12/26 07:30:32.511;0;39%;32%; 3312 MiB; 137.56 W;36
2025/12/26 07:30:32.512;1;44%;42%; 3311 MiB; 184.28 W;35
2025/12/26 07:30:33.512;0;39%;32%; 3312 MiB; 137.90 W;37
2025/12/26 07:30:33.513;1;44%;39%; 3311 MiB; 185.60 W;36
2025/12/26 07:30:34.514;0;41%;37%; 3312 MiB; 140.27 W;38
2025/12/26 07:30:34.515;1;47%;42%; 3311 MiB; 188.37 W;37
2025/12/26 07:30:35.515;0;39%;35%; 3312 MiB; 149.64 W;38
2025/12/26 07:30:35.516;1;47%;44%; 3311 MiB; 194.98 W;38
2025/12/26 07:30:36.517;0;40%;35%; 3312 MiB; 152.31 W;39
2025/12/26 07:30:36.517;1;47%;43%; 3311 MiB; 195.94 W;38
2025/12/26 07:30:37.518;0;40%;36%; 3312 MiB; 153.00 W;39
2025/12/26 07:30:37.518;1;48%;44%; 3311 MiB; 196.41 W;39
2025/12/26 07:30:38.519;0;40%;36%; 3312 MiB; 153.29 W;40
2025/12/26 07:30:38.520;1;47%;44%; 3311 MiB; 196.57 W;39
2025/12/26 07:30:39.520;0;38%;32%; 3312 MiB; 149.64 W;40
2025/12/26 07:30:39.521;1;45%;40%; 3311 MiB; 189.65 W;40
2025/12/26 07:30:40.521;0;38%;32%; 3312 MiB; 142.87 W;40
2025/12/26 07:30:40.522;1;44%;38%; 3311 MiB; 185.39 W;40
2025/12/26 07:30:41.522;0;40%;29%; 3312 MiB; 140.06 W;41
2025/12/26 07:30:41.523;1;43%;33%; 3311 MiB; 185.88 W;41
2025/12/26 07:30:42.523;0;43%;24%; 3312 MiB; 147.94 W;42
2025/12/26 07:30:42.524;1;43%;33%; 3311 MiB; 179.72 W;41
2025/12/26 07:30:43.525;0;38%;28%; 3312 MiB; 167.90 W;43
2025/12/26 07:30:43.525;1;43%;28%; 3311 MiB; 182.35 W;41
2025/12/26 07:30:44.526;0;40%;28%; 3312 MiB; 163.93 W;43
2025/12/26 07:30:44.527;1;45%;36%; 3311 MiB; 183.93 W;42
2025/12/26 07:30:45.527;0;39%;24%; 3312 MiB; 159.12 W;43
2025/12/26 07:30:45.528;1;44%;34%; 3311 MiB; 182.02 W;43
2025/12/26 07:30:46.529;0;35%;27%; 3312 MiB; 160.17 W;44
2025/12/26 07:30:46.529;1;46%;30%; 3311 MiB; 181.60 W;43
2025/12/26 07:30:47.530;0;39%;26%; 3312 MiB; 166.38 W;45
2025/12/26 07:30:47.531;1;46%;31%; 3311 MiB; 181.95 W;44
2025/12/26 07:30:48.536;0;38%;26%; 3312 MiB; 165.87 W;46
2025/12/26 07:30:48.537;1;45%;36%; 3311 MiB; 182.84 W;44
2025/12/26 07:30:49.537;0;37%;29%; 3312 MiB; 166.92 W;46
2025/12/26 07:30:49.538;1;42%;30%; 3311 MiB; 181.53 W;44
2025/12/26 07:30:50.539;0;39%;24%; 3312 MiB; 174.60 W;47
2025/12/26 07:30:50.539;1;45%;35%; 3311 MiB; 184.53 W;45
2025/12/26 07:30:51.540;0;37%;28%; 3312 MiB; 169.25 W;47
2025/12/26 07:30:51.540;1;43%;33%; 3311 MiB; 183.68 W;45
2025/12/26 07:30:52.541;0;41%;25%; 3312 MiB; 163.05 W;47
2025/12/26 07:30:52.541;1;46%;34%; 3311 MiB; 185.28 W;46
2025/12/26 07:30:53.542;0;41%;30%; 3312 MiB; 165.15 W;48
2025/12/26 07:30:53.543;1;44%;34%; 3311 MiB; 184.69 W;46
2025/12/26 07:30:54.543;0;38%;26%; 3312 MiB; 166.83 W;48
2025/12/26 07:30:54.544;1;45%;28%; 3311 MiB; 184.62 W;46
2025/12/26 07:30:55.545;0;41%;25%; 3312 MiB; 172.12 W;49
2025/12/26 07:30:55.546;1;46%;35%; 3311 MiB; 183.81 W;47
2025/12/26 07:30:56.546;0;38%;29%; 3312 MiB; 170.30 W;49
2025/12/26 07:30:56.547;1;44%;32%; 3311 MiB; 185.47 W;47
2025/12/26 07:30:57.548;0;40%;27%; 3312 MiB; 168.46 W;49
2025/12/26 07:30:57.548;1;44%;31%; 3311 MiB; 184.56 W;48
2025/12/26 07:30:58.549;0;39%;28%; 3312 MiB; 165.19 W;50
2025/12/26 07:30:58.550;1;45%;35%; 3311 MiB; 186.14 W;48
2025/12/26 07:30:59.551;0;43%;30%; 3312 MiB; 165.69 W;50
2025/12/26 07:30:59.551;1;42%;26%; 3311 MiB; 183.12 W;48
2025/12/26 07:31:00.552;0;40%;23%; 3312 MiB; 172.16 W;51
2025/12/26 07:31:00.553;1;44%;33%; 3311 MiB; 184.20 W;49
2025/12/26 07:31:01.553;0;41%;30%; 3314 MiB; 167.65 W;51
2025/12/26 07:31:01.554;1;44%;34%; 3313 MiB; 184.97 W;49
2025/12/26 07:31:02.554;0;39%;28%; 3314 MiB; 168.78 W;51
2025/12/26 07:31:02.555;1;44%;28%; 3313 MiB; 183.74 W;49
2025/12/26 07:31:03.555;0;38%;22%; 3314 MiB; 169.56 W;52
2025/12/26 07:31:03.556;1;46%;35%; 3313 MiB; 185.63 W;50
2025/12/26 07:31:04.557;0;37%;28%; 3314 MiB; 177.12 W;52
2025/12/26 07:31:04.557;1;45%;33%; 3313 MiB; 185.60 W;50
2025/12/26 07:31:05.558;0;41%;27%; 3314 MiB; 173.83 W;52
2025/12/26 07:31:05.558;1;47%;30%; 3313 MiB; 183.68 W;50
2025/12/26 07:31:06.559;0;40%;26%; 3314 MiB; 175.56 W;53
2025/12/26 07:31:06.560;1;47%;35%; 3313 MiB; 185.38 W;51
2025/12/26 07:31:07.560;0;40%;29%; 3314 MiB; 169.14 W;53
2025/12/26 07:31:07.561;1;42%;30%; 3313 MiB; 183.54 W;51
2025/12/26 07:31:08.562;0;42%;24%; 3314 MiB; 164.40 W;53
2025/12/26 07:31:08.562;1;46%;33%; 3313 MiB; 185.03 W;52
2025/12/26 07:31:09.563;0;40%;31%; 3314 MiB; 172.84 W;53
2025/12/26 07:31:09.564;1;46%;37%; 3313 MiB; 194.27 W;52
2025/12/26 07:31:10.565;0;40%;36%; 3314 MiB; 171.08 W;54
2025/12/26 07:31:10.565;1;48%;44%; 3313 MiB; 199.22 W;52
2025/12/26 07:31:11.566;0;41%;31%; 3314 MiB; 168.74 W;54
2025/12/26 07:31:11.566;1;47%;38%; 3313 MiB; 196.59 W;53
2025/12/26 07:31:12.567;0;38%;28%; 3314 MiB; 165.62 W;54
2025/12/26 07:31:12.568;1;44%;31%; 3313 MiB; 189.84 W;53
2025/12/26 07:31:13.569;0;41%;24%; 3314 MiB; 166.68 W;55
2025/12/26 07:31:13.569;1;45%;34%; 3313 MiB; 186.37 W;53
2025/12/26 07:31:14.570;0;40%;29%; 3314 MiB; 168.70 W;55
2025/12/26 07:31:14.570;1;44%;34%; 3313 MiB; 187.90 W;53
2025/12/26 07:31:15.571;0;40%;25%; 3314 MiB; 168.51 W;55
2025/12/26 07:31:15.572;1;43%;30%; 3313 MiB; 186.22 W;53
2025/12/26 07:31:16.572;0;37%;26%; 3314 MiB; 172.17 W;55
2025/12/26 07:31:16.573;1;46%;36%; 3313 MiB; 186.18 W;53
2025/12/26 07:31:17.573;0;37%;28%; 3314 MiB; 177.06 W;56
2025/12/26 07:31:17.574;1;44%;31%; 3313 MiB; 186.46 W;54
2025/12/26 07:31:18.575;0;41%;25%; 3314 MiB; 177.91 W;56
2025/12/26 07:31:18.576;1;45%;30%; 3313 MiB; 185.81 W;54
2025/12/26 07:31:19.576;0;38%;27%; 3314 MiB; 171.97 W;56
2025/12/26 07:31:19.577;1;43%;34%; 3313 MiB; 187.48 W;54
2025/12/26 07:31:20.578;0;41%;30%; 3314 MiB; 170.08 W;56
2025/12/26 07:31:20.579;1;45%;30%; 3313 MiB; 187.07 W;54
2025/12/26 07:31:21.579;0;40%;24%; 3314 MiB; 166.12 W;56
2025/12/26 07:31:21.580;1;45%;35%; 3313 MiB; 185.32 W;55
2025/12/26 07:31:22.581;0;37%;27%; 3314 MiB; 162.17 W;56
2025/12/26 07:31:22.582;1;43%;32%; 3313 MiB; 185.89 W;54
2025/12/26 07:31:23.582;0;42%;27%; 3314 MiB; 165.01 W;57
2025/12/26 07:31:23.583;1;45%;30%; 3313 MiB; 186.33 W;55
2025/12/26 07:31:24.583;0;37%;26%; 3314 MiB; 168.11 W;57
2025/12/26 07:31:24.584;1;43%;35%; 3313 MiB; 188.92 W;55
2025/12/26 07:31:25.585;0;40%;30%; 3314 MiB; 168.68 W;57
2025/12/26 07:31:25.585;1;43%;29%; 3313 MiB; 187.35 W;55
2025/12/26 07:31:26.586;0;39%;24%; 3314 MiB; 169.38 W;57
2025/12/26 07:31:26.587;1;45%;36%; 3313 MiB; 187.53 W;55
2025/12/26 07:31:27.587;0;37%;28%; 3314 MiB; 159.32 W;57
2025/12/26 07:31:27.588;1;43%;33%; 3313 MiB; 188.20 W;56
2025/12/26 07:31:28.588;0;41%;32%; 3314 MiB; 159.45 W;57
2025/12/26 07:31:28.589;1;45%;37%; 3313 MiB; 192.52 W;56
2025/12/26 07:31:29.589;0;41%;32%; 3314 MiB; 158.76 W;57
2025/12/26 07:31:29.590;1;46%;40%; 3313 MiB; 198.31 W;57
2025/12/26 07:31:30.591;0;41%;25%; 3314 MiB; 149.78 W;57
2025/12/26 07:31:30.591;1;43%;35%; 3313 MiB; 189.80 W;56
2025/12/26 07:31:31.592;0;37%;28%; 3314 MiB; 148.92 W;57
2025/12/26 07:31:31.593;1;43%;32%; 3313 MiB; 185.56 W;56
2025/12/26 07:31:32.594;0;43%;26%; 3314 MiB; 153.15 W;58
2025/12/26 07:31:32.594;1;46%;33%; 3313 MiB; 188.58 W;57
2025/12/26 07:31:33.595;0;41%;28%; 3314 MiB; 164.82 W;58
2025/12/26 07:31:33.596;1;44%;34%; 3313 MiB; 188.11 W;57
2025/12/26 07:31:34.597;0;40%;29%; 3314 MiB; 178.47 W;59
2025/12/26 07:31:34.597;1;44%;34%; 3313 MiB; 187.46 W;57
2025/12/26 07:31:35.598;0;39%;31%; 3314 MiB; 181.06 W;59
2025/12/26 07:31:35.599;1;42%;35%; 3313 MiB; 191.92 W;57
2025/12/26 07:31:36.600;0;39%;30%; 3314 MiB; 160.73 W;59
2025/12/26 07:31:36.600;1;44%;36%; 3313 MiB; 189.94 W;57
2025/12/26 07:31:37.601;0;40%;28%; 3314 MiB; 158.82 W;59
2025/12/26 07:31:37.601;1;44%;37%; 3313 MiB; 190.06 W;57
2025/12/26 07:31:38.602;0;39%;27%; 3314 MiB; 158.21 W;59
2025/12/26 07:31:38.603;1;46%;36%; 3313 MiB; 190.56 W;58
2025/12/26 07:31:39.603;0;40%;30%; 3314 MiB; 153.66 W;59
2025/12/26 07:31:39.604;1;46%;35%; 3313 MiB; 192.10 W;58
2025/12/26 07:31:40.604;0;39%;27%; 3314 MiB; 152.93 W;59
2025/12/26 07:31:40.605;1;43%;34%; 3313 MiB; 190.90 W;58
2025/12/26 07:31:41.605;0;37%;30%; 3314 MiB; 152.96 W;59
2025/12/26 07:31:41.606;1;44%;33%; 3313 MiB; 189.48 W;57
2025/12/26 07:31:42.607;0;40%;27%; 3314 MiB; 158.24 W;59
2025/12/26 07:31:42.607;1;46%;38%; 3313 MiB; 191.79 W;58
2025/12/26 07:31:43.608;0;39%;28%; 3314 MiB; 170.87 W;60
2025/12/26 07:31:43.609;1;45%;33%; 3313 MiB; 193.42 W;58
2025/12/26 07:31:44.609;0;42%;29%; 3314 MiB; 177.25 W;60
2025/12/26 07:31:44.610;1;45%;35%; 3313 MiB; 192.68 W;58
2025/12/26 07:31:45.611;0;40%;30%; 3314 MiB; 177.22 W;60
2025/12/26 07:31:45.611;1;46%;34%; 3313 MiB; 193.06 W;59
2025/12/26 07:31:46.612;0;41%;28%; 3314 MiB; 174.75 W;60
2025/12/26 07:31:46.613;1;47%;38%; 3313 MiB; 193.12 W;59
2025/12/26 07:31:47.613;0;37%;27%; 3314 MiB; 171.56 W;61
2025/12/26 07:31:47.614;1;45%;33%; 3313 MiB; 192.47 W;59
2025/12/26 07:31:48.615;0;39%;30%; 3314 MiB; 178.52 W;61
2025/12/26 07:31:48.615;1;46%;34%; 3313 MiB; 192.13 W;59
2025/12/26 07:31:49.616;0;40%;26%; 3314 MiB; 177.83 W;61
2025/12/26 07:31:49.617;1;45%;37%; 3313 MiB; 192.24 W;59
2025/12/26 07:31:50.617;0;37%;27%; 3314 MiB; 174.91 W;61
2025/12/26 07:31:50.618;1;45%;33%; 3313 MiB; 193.35 W;59
2025/12/26 07:31:51.618;0;41%;30%; 3314 MiB; 174.52 W;61
2025/12/26 07:31:51.619;1;44%;34%; 3313 MiB; 193.57 W;59
2025/12/26 07:31:52.620;0;41%;28%; 3314 MiB; 171.95 W;61
2025/12/26 07:31:52.620;1;48%;37%; 3313 MiB; 191.91 W;59
2025/12/26 07:31:53.621;0;39%;28%; 3314 MiB; 170.79 W;62
2025/12/26 07:31:53.621;1;45%;33%; 3313 MiB; 193.19 W;60
2025/12/26 07:31:54.622;0;39%;30%; 3314 MiB; 164.20 W;61
2025/12/26 07:31:54.623;1;47%;35%; 3313 MiB; 191.68 W;60
2025/12/26 07:31:55.623;0;39%;28%; 3314 MiB; 162.91 W;61
2025/12/26 07:31:55.627;1;46%;36%; 3313 MiB; 193.39 W;60
2025/12/26 07:31:56.628;0;41%;27%; 3314 MiB; 159.35 W;61
2025/12/26 07:31:56.629;1;44%;34%; 3313 MiB; 193.08 W;60
2025/12/26 07:31:57.629;0;39%;30%; 3314 MiB; 160.59 W;61
2025/12/26 07:31:57.630;1;44%;34%; 3313 MiB; 192.29 W;60
2025/12/26 07:31:58.631;0;40%;27%; 3314 MiB; 165.76 W;62
2025/12/26 07:31:58.631;1;46%;34%; 3313 MiB; 193.13 W;60
2025/12/26 07:31:59.632;0;40%;27%; 3314 MiB; 174.67 W;62
2025/12/26 07:31:59.633;1;46%;35%; 3313 MiB; 193.59 W;60
2025/12/26 07:32:00.633;0;40%;31%; 3314 MiB; 169.74 W;62
2025/12/26 07:32:00.634;1;44%;34%; 3313 MiB; 193.10 W;60
2025/12/26 07:32:01.634;0;40%;27%; 3314 MiB; 161.29 W;62
2025/12/26 07:32:01.635;1;45%;33%; 3313 MiB; 192.78 W;60
2025/12/26 07:32:02.635;0;40%;29%; 3314 MiB; 161.31 W;62
2025/12/26 07:32:02.636;1;44%;36%; 3313 MiB; 194.46 W;61
2025/12/26 07:32:03.637;0;41%;30%; 3314 MiB; 165.04 W;62
2025/12/26 07:32:03.637;1;45%;31%; 3313 MiB; 190.93 W;60
2025/12/26 07:32:04.638;0;38%;27%; 3314 MiB; 168.55 W;62
2025/12/26 07:32:04.638;1;45%;35%; 3313 MiB; 193.57 W;60
2025/12/26 07:32:05.639;0;39%;28%; 3314 MiB; 163.00 W;62
2025/12/26 07:32:05.640;1;45%;35%; 3313 MiB; 193.03 W;61
2025/12/26 07:32:06.640;0;42%;28%; 3314 MiB; 163.28 W;62
2025/12/26 07:32:06.641;1;45%;30%; 3313 MiB; 191.04 W;61
2025/12/26 07:32:07.642;0;41%;26%; 3314 MiB; 171.29 W;62
2025/12/26 07:32:07.643;1;45%;29%; 3313 MiB; 188.56 W;61
2025/12/26 07:32:08.643;0;40%;27%; 3314 MiB; 169.52 W;63
2025/12/26 07:32:08.644;1;45%;33%; 3313 MiB; 191.10 W;61
2025/12/26 07:32:09.645;0;41%;26%; 3314 MiB; 170.72 W;63
2025/12/26 07:32:09.645;1;45%;33%; 3313 MiB; 192.35 W;61
2025/12/26 07:32:10.646;0;40%;28%; 3314 MiB; 172.37 W;63
2025/12/26 07:32:10.647;1;45%;30%; 3313 MiB; 190.59 W;61
2025/12/26 07:32:11.647;0;43%;27%; 3314 MiB; 170.77 W;63
2025/12/26 07:32:11.648;1;45%;32%; 3313 MiB; 189.23 W;61
2025/12/26 07:32:12.649;0;40%;26%; 3314 MiB; 181.16 W;64
2025/12/26 07:32:12.649;1;46%;33%; 3313 MiB; 190.85 W;61
2025/12/26 07:32:13.650;0;42%;28%; 3314 MiB; 182.03 W;64
2025/12/26 07:32:13.650;1;45%;30%; 3313 MiB; 191.86 W;61
2025/12/26 07:32:14.651;0;41%;26%; 3314 MiB; 179.49 W;64
2025/12/26 07:32:14.652;1;45%;33%; 3313 MiB; 189.86 W;61
2025/12/26 07:32:15.652;0;40%;27%; 3314 MiB; 177.05 W;64
2025/12/26 07:32:15.653;1;44%;32%; 3313 MiB; 192.93 W;62
2025/12/26 07:32:16.653;0;40%;27%; 3314 MiB; 179.78 W;64
2025/12/26 07:32:16.654;1;47%;33%; 3313 MiB; 189.77 W;61
2025/12/26 07:32:17.654;0;41%;25%; 3314 MiB; 174.75 W;64
2025/12/26 07:32:17.655;1;44%;31%; 3313 MiB; 191.91 W;61
2025/12/26 07:32:18.656;0;40%;27%; 3314 MiB; 169.65 W;64
2025/12/26 07:32:18.656;1;44%;30%; 3313 MiB; 191.42 W;62
2025/12/26 07:32:19.657;0;41%;28%; 3314 MiB; 163.73 W;63
2025/12/26 07:32:19.658;1;45%;32%; 3313 MiB; 190.72 W;62
2025/12/26 07:32:20.658;0;41%;25%; 3314 MiB; 163.20 W;64
2025/12/26 07:32:20.659;1;45%;33%; 3313 MiB; 187.71 W;61
2025/12/26 07:32:21.660;0;41%;28%; 3314 MiB; 164.19 W;64
2025/12/26 07:32:21.661;1;45%;31%; 3313 MiB; 193.77 W;62
2025/12/26 07:32:22.661;0;40%;26%; 3314 MiB; 166.30 W;64
2025/12/26 07:32:22.662;1;44%;31%; 3313 MiB; 190.65 W;62
2025/12/26 07:32:23.663;0;41%;26%; 3314 MiB; 172.99 W;64
2025/12/26 07:32:23.663;1;45%;33%; 3313 MiB; 191.16 W;62
2025/12/26 07:32:24.664;0;42%;28%; 3314 MiB; 166.53 W;64
2025/12/26 07:32:24.665;1;45%;29%; 3313 MiB; 194.76 W;62
2025/12/26 07:32:25.666;0;40%;27%; 3314 MiB; 169.57 W;64
2025/12/26 07:32:25.666;1;44%;32%; 3313 MiB; 192.41 W;62
2025/12/26 07:32:26.667;0;43%;27%; 3314 MiB; 166.67 W;64
2025/12/26 07:32:26.667;1;47%;35%; 3313 MiB; 192.90 W;62
2025/12/26 07:32:27.668;0;41%;25%; 3314 MiB; 182.06 W;65
2025/12/26 07:32:27.668;1;45%;32%; 3313 MiB; 188.29 W;62
2025/12/26 07:32:28.669;0;39%;26%; 3314 MiB; 175.24 W;65
2025/12/26 07:32:28.670;1;45%;29%; 3313 MiB; 190.71 W;62
2025/12/26 07:32:29.670;0;40%;27%; 3314 MiB; 173.71 W;65
2025/12/26 07:32:29.671;1;44%;32%; 3313 MiB; 192.59 W;62
2025/12/26 07:32:30.671;0;42%;25%; 3314 MiB; 170.35 W;65
2025/12/26 07:32:30.672;1;46%;33%; 3313 MiB; 193.35 W;62
2025/12/26 07:32:31.673;0;40%;27%; 3314 MiB; 175.71 W;65
2025/12/26 07:32:31.674;1;45%;31%; 3313 MiB; 189.53 W;62
2025/12/26 07:32:32.674;0;41%;28%; 3314 MiB; 170.35 W;65
2025/12/26 07:32:32.675;1;45%;33%; 3313 MiB; 190.35 W;62
2025/12/26 07:32:33.676;0;41%;25%; 3314 MiB; 172.24 W;65
2025/12/26 07:32:33.676;1;45%;32%; 3313 MiB; 190.90 W;62
2025/12/26 07:32:34.677;0;41%;28%; 3314 MiB; 173.68 W;65
2025/12/26 07:32:34.678;1;46%;31%; 3313 MiB; 189.84 W;62
2025/12/26 07:32:35.679;0;41%;27%; 3314 MiB; 167.37 W;65
2025/12/26 07:32:35.679;1;44%;32%; 3313 MiB; 193.95 W;62
2025/12/26 07:32:36.680;0;40%;25%; 3314 MiB; 172.66 W;65
2025/12/26 07:32:36.681;1;45%;33%; 3313 MiB; 191.95 W;63
2025/12/26 07:32:37.681;0;40%;27%; 3314 MiB; 167.56 W;65
2025/12/26 07:32:37.682;1;43%;29%; 3313 MiB; 193.20 W;62
2025/12/26 07:32:38.683;0;41%;27%; 3314 MiB; 166.43 W;65
2025/12/26 07:32:38.683;1;46%;33%; 3313 MiB; 189.89 W;63
2025/12/26 07:32:39.684;0;40%;24%; 3314 MiB; 172.15 W;66
2025/12/26 07:32:39.684;1;46%;32%; 3313 MiB; 192.36 W;63
2025/12/26 07:32:40.685;0;40%;27%; 3314 MiB; 179.01 W;65
2025/12/26 07:32:40.685;1;45%;31%; 3313 MiB; 193.36 W;63
2025/12/26 07:32:41.686;0;41%;27%; 3314 MiB; 174.44 W;66
2025/12/26 07:32:41.686;1;45%;33%; 3313 MiB; 192.67 W;62
2025/12/26 07:32:42.687;0;42%;26%; 3314 MiB; 171.66 W;66
2025/12/26 07:32:42.688;1;45%;33%; 3313 MiB; 190.26 W;63
2025/12/26 07:32:43.689;0;41%;26%; 3314 MiB; 170.43 W;65
2025/12/26 07:32:43.689;1;46%;29%; 3313 MiB; 190.85 W;63
2025/12/26 07:32:44.690;0;41%;26%; 3314 MiB; 170.03 W;66
2025/12/26 07:32:44.691;1;44%;31%; 3313 MiB; 190.22 W;63
2025/12/26 07:32:45.692;0;39%;27%; 3314 MiB; 175.83 W;66
2025/12/26 07:32:45.693;1;46%;31%; 3313 MiB; 194.38 W;63
2025/12/26 07:32:46.696;0;38%;26%; 3314 MiB; 181.88 W;66
2025/12/26 07:32:46.697;1;47%;33%; 3313 MiB; 192.24 W;63
2025/12/26 07:32:47.698;0;40%;26%; 3314 MiB; 181.75 W;66
2025/12/26 07:32:47.698;1;45%;33%; 3313 MiB; 194.63 W;63
2025/12/26 07:32:48.699;0;40%;26%; 3314 MiB; 180.65 W;66
2025/12/26 07:32:48.700;1;46%;32%; 3313 MiB; 191.99 W;63
2025/12/26 07:32:49.700;0;41%;27%; 3314 MiB; 175.00 W;66
2025/12/26 07:32:49.701;1;45%;33%; 3313 MiB; 190.38 W;63
2025/12/26 07:32:50.701;0;41%;27%; 3314 MiB; 168.91 W;66
2025/12/26 07:32:50.702;1;44%;30%; 3313 MiB; 194.03 W;63
2025/12/26 07:32:51.702;0;43%;26%; 3314 MiB; 174.01 W;67
2025/12/26 07:32:51.703;1;44%;30%; 3313 MiB; 191.34 W;63
2025/12/26 07:32:52.704;0;38%;26%; 3314 MiB; 181.98 W;67
2025/12/26 07:32:52.704;1;45%;33%; 3313 MiB; 191.58 W;63
2025/12/26 07:32:53.705;0;39%;27%; 3314 MiB; 180.24 W;67
2025/12/26 07:32:53.711;1;47%;32%; 3313 MiB; 193.70 W;63
2025/12/26 07:32:54.712;0;43%;26%; 3314 MiB; 185.98 W;67
2025/12/26 07:32:54.712;1;44%;30%; 3313 MiB; 191.22 W;63
2025/12/26 07:32:55.713;0;43%;26%; 3314 MiB; 177.09 W;66
2025/12/26 07:32:55.714;1;44%;32%; 3313 MiB; 191.05 W;63
2025/12/26 07:32:56.714;0;41%;28%; 3314 MiB; 184.08 W;67
2025/12/26 07:32:56.715;1;45%;31%; 3313 MiB; 193.50 W;63
2025/12/26 07:32:57.716;0;43%;27%; 3314 MiB; 178.24 W;67
2025/12/26 07:32:57.716;1;44%;31%; 3313 MiB; 192.80 W;63
2025/12/26 07:32:58.717;0;39%;25%; 3314 MiB; 181.54 W;67
2025/12/26 07:32:58.717;1;45%;32%; 3313 MiB; 188.97 W;63
2025/12/26 07:32:59.718;0;40%;27%; 3314 MiB; 176.89 W;67
2025/12/26 07:32:59.718;1;43%;31%; 3313 MiB; 193.06 W;63
2025/12/26 07:33:00.719;0;41%;26%; 3314 MiB; 177.12 W;67
2025/12/26 07:33:00.720;1;46%;31%; 3313 MiB; 194.11 W;63
2025/12/26 07:33:01.720;0;40%;26%; 3314 MiB; 182.74 W;67
2025/12/26 07:33:01.721;1;44%;32%; 3313 MiB; 191.37 W;63
2025/12/26 07:33:02.721;0;40%;27%; 3314 MiB; 179.17 W;67
2025/12/26 07:33:02.722;1;43%;29%; 3313 MiB; 192.74 W;64
2025/12/26 07:33:03.723;0;41%;26%; 3314 MiB; 173.08 W;67
2025/12/26 07:33:03.723;1;45%;33%; 3313 MiB; 191.75 W;64
2025/12/26 07:33:04.724;0;39%;26%; 3314 MiB; 174.45 W;67
2025/12/26 07:33:04.725;1;45%;33%; 3313 MiB; 191.85 W;63
2025/12/26 07:33:05.725;0;40%;26%; 3314 MiB; 174.46 W;67
2025/12/26 07:33:05.726;1;46%;31%; 3313 MiB; 192.59 W;64
2025/12/26 07:33:06.727;0;41%;26%; 3314 MiB; 174.37 W;67
2025/12/26 07:33:06.727;1;46%;34%; 3313 MiB; 194.53 W;63
2025/12/26 07:33:07.728;0;41%;26%; 3314 MiB; 177.08 W;67
2025/12/26 07:33:07.729;1;45%;32%; 3313 MiB; 192.71 W;63
2025/12/26 07:33:08.730;0;41%;27%; 3314 MiB; 175.60 W;67
2025/12/26 07:33:08.730;1;45%;30%; 3313 MiB; 191.30 W;63
2025/12/26 07:33:09.731;0;42%;24%; 3314 MiB; 170.36 W;67
2025/12/26 07:33:09.732;1;46%;32%; 3313 MiB; 189.21 W;64
2025/12/26 07:33:10.732;0;40%;27%; 3314 MiB; 174.12 W;67
2025/12/26 07:33:10.733;1;43%;31%; 3313 MiB; 191.75 W;63
2025/12/26 07:33:11.733;0;41%;26%; 3314 MiB; 177.98 W;67
2025/12/26 07:33:11.734;1;45%;31%; 3313 MiB; 191.85 W;64
2025/12/26 07:33:12.735;0;43%;26%; 3314 MiB; 178.82 W;67
2025/12/26 07:33:12.735;1;43%;32%; 3313 MiB; 191.35 W;63
2025/12/26 07:33:13.736;0;40%;27%; 3314 MiB; 183.29 W;67
2025/12/26 07:33:13.736;1;44%;30%; 3313 MiB; 189.42 W;63
2025/12/26 07:33:14.737;0;40%;27%; 3314 MiB; 179.31 W;67
2025/12/26 07:33:14.738;1;44%;31%; 3313 MiB; 193.39 W;64
2025/12/26 07:33:15.738;0;41%;25%; 3314 MiB; 171.26 W;67
2025/12/26 07:33:15.739;1;46%;33%; 3313 MiB; 190.15 W;64
2025/12/26 07:33:16.740;0;41%;28%; 3314 MiB; 169.84 W;68
2025/12/26 07:33:16.740;1;47%;33%; 3313 MiB; 192.12 W;64
2025/12/26 07:33:17.741;0;40%;27%; 3314 MiB; 179.31 W;68
2025/12/26 07:33:17.742;1;44%;30%; 3313 MiB; 188.50 W;63
2025/12/26 07:33:18.743;0;42%;25%; 3314 MiB; 171.10 W;67
2025/12/26 07:33:18.743;1;44%;31%; 3313 MiB; 191.85 W;64
2025/12/26 07:33:19.744;0;40%;27%; 3314 MiB; 172.34 W;67
2025/12/26 07:33:19.745;1;44%;31%; 3313 MiB; 190.79 W;64
2025/12/26 07:33:20.746;0;38%;26%; 3314 MiB; 179.34 W;68
2025/12/26 07:33:20.746;1;46%;33%; 3313 MiB; 190.24 W;64
2025/12/26 07:33:21.747;0;41%;26%; 3314 MiB; 178.02 W;68
2025/12/26 07:33:21.748;1;45%;33%; 3313 MiB; 194.27 W;64
2025/12/26 07:33:22.748;0;40%;27%; 3314 MiB; 174.99 W;68
2025/12/26 07:33:22.749;1;46%;32%; 3313 MiB; 191.32 W;64
2025/12/26 07:33:23.749;0;41%;30%; 3314 MiB; 170.22 W;67
2025/12/26 07:33:23.750;1;48%;40%; 3313 MiB; 194.07 W;64
2025/12/26 07:33:24.750;0;41%;34%; 3314 MiB; 176.19 W;68
2025/12/26 07:33:24.751;1;45%;37%; 3313 MiB; 200.12 W;64
2025/12/26 07:33:25.751;0;41%;30%; 3314 MiB; 178.44 W;68
2025/12/26 07:33:25.752;1;47%;39%; 3313 MiB; 201.36 W;64
2025/12/26 07:33:26.753;0;40%;27%; 3314 MiB; 179.48 W;68
2025/12/26 07:33:26.753;1;46%;33%; 3313 MiB; 199.79 W;64
2025/12/26 07:33:27.754;0;40%;27%; 3314 MiB; 178.65 W;68
2025/12/26 07:33:27.755;1;43%;31%; 3313 MiB; 192.56 W;64
2025/12/26 07:33:28.755;0;41%;26%; 3314 MiB; 169.38 W;68
2025/12/26 07:33:28.756;1;44%;32%; 3313 MiB; 191.67 W;64
2025/12/26 07:33:29.757;0;40%;27%; 3314 MiB; 178.14 W;68
2025/12/26 07:33:29.757;1;46%;31%; 3313 MiB; 194.41 W;64
2025/12/26 07:33:30.758;0;38%;25%; 3314 MiB; 176.54 W;68
2025/12/26 07:33:30.759;1;46%;31%; 3313 MiB; 193.68 W;64
2025/12/26 07:33:31.760;0;39%;26%; 3314 MiB; 183.41 W;68
2025/12/26 07:33:31.760;1;47%;33%; 3313 MiB; 193.21 W;64
2025/12/26 07:33:32.761;0;41%;27%; 3314 MiB; 177.76 W;68
2025/12/26 07:33:32.762;1;45%;33%; 3313 MiB; 194.12 W;64
2025/12/26 07:33:33.762;0;40%;27%; 3314 MiB; 178.01 W;68
2025/12/26 07:33:33.763;1;47%;31%; 3313 MiB; 189.92 W;64
2025/12/26 07:33:34.764;0;41%;26%; 3314 MiB; 173.69 W;68
2025/12/26 07:33:34.764;1;47%;33%; 3313 MiB; 192.76 W;64
2025/12/26 07:33:35.765;0;40%;27%; 3314 MiB; 181.22 W;68
2025/12/26 07:33:35.765;1;45%;33%; 3313 MiB; 191.99 W;64
2025/12/26 07:33:36.766;0;40%;26%; 3314 MiB; 187.26 W;69
2025/12/26 07:33:36.767;1;44%;30%; 3313 MiB; 192.70 W;64
2025/12/26 07:33:37.767;0;42%;26%; 3314 MiB; 183.67 W;69
2025/12/26 07:33:37.768;1;46%;31%; 3313 MiB; 189.43 W;64
2025/12/26 07:33:38.768;0;40%;24%; 3314 MiB; 184.67 W;69
2025/12/26 07:33:38.769;1;45%;32%; 3313 MiB; 192.23 W;64
2025/12/26 07:33:39.769;0;39%;26%; 3314 MiB; 181.64 W;69
2025/12/26 07:33:39.770;1;46%;31%; 3313 MiB; 193.12 W;64
2025/12/26 07:33:40.771;0;42%;26%; 3314 MiB; 179.41 W;68
2025/12/26 07:33:40.772;1;47%;31%; 3313 MiB; 191.09 W;64
2025/12/26 07:33:41.772;0;43%;27%; 3314 MiB; 185.11 W;69
2025/12/26 07:33:41.773;1;46%;32%; 3313 MiB; 190.90 W;64
2025/12/26 07:33:42.774;0;40%;27%; 3314 MiB; 174.60 W;68
2025/12/26 07:33:42.774;1;43%;31%; 3313 MiB; 191.49 W;64
2025/12/26 07:33:43.775;0;40%;26%; 3314 MiB; 181.40 W;68
2025/12/26 07:33:43.776;1;45%;29%; 3313 MiB; 188.97 W;64
2025/12/26 07:33:44.777;0;40%;26%; 3314 MiB; 181.63 W;69
2025/12/26 07:33:44.777;1;44%;29%; 3313 MiB; 191.93 W;64
2025/12/26 07:33:45.778;0;40%;26%; 3314 MiB; 183.81 W;69
2025/12/26 07:33:45.778;1;45%;30%; 3313 MiB; 191.15 W;64
2025/12/26 07:33:46.779;0;41%;26%; 3314 MiB; 181.47 W;69
2025/12/26 07:33:46.780;1;44%;28%; 3313 MiB; 192.93 W;64
2025/12/26 07:33:47.781;0;43%;25%; 3314 MiB; 177.30 W;69
2025/12/26 07:33:47.781;1;45%;31%; 3313 MiB; 192.68 W;64
2025/12/26 07:33:48.782;0;42%;26%; 3314 MiB; 185.09 W;69
2025/12/26 07:33:48.782;1;44%;31%; 3313 MiB; 191.38 W;64
2025/12/26 07:33:49.783;0;40%;27%; 3314 MiB; 181.05 W;69
2025/12/26 07:33:49.783;1;47%;33%; 3313 MiB; 191.76 W;64
2025/12/26 07:33:50.784;0;40%;27%; 3314 MiB; 183.03 W;69
2025/12/26 07:33:50.785;1;45%;29%; 3313 MiB; 192.09 W;64
2025/12/26 07:33:51.785;0;43%;25%; 3314 MiB; 179.60 W;69
2025/12/26 07:33:51.786;1;47%;30%; 3313 MiB; 192.61 W;64
2025/12/26 07:33:52.787;0;41%;25%; 3314 MiB; 186.03 W;69
2025/12/26 07:33:52.794;1;45%;27%; 3313 MiB; 191.05 W;64
2025/12/26 07:33:53.795;0;41%;26%; 3314 MiB; 184.63 W;70
2025/12/26 07:33:53.796;1;46%;29%; 3313 MiB; 189.13 W;64
2025/12/26 07:33:54.796;0;39%;24%; 3314 MiB; 181.18 W;69
2025/12/26 07:33:54.797;1;47%;31%; 3313 MiB; 194.12 W;65
2025/12/26 07:33:55.798;0;42%;23%; 3314 MiB; 188.00 W;70
2025/12/26 07:33:55.798;1;46%;30%; 3313 MiB; 194.31 W;64
2025/12/26 07:33:56.799;0;43%;24%; 3314 MiB; 182.78 W;69
2025/12/26 07:33:56.799;1;45%;30%; 3313 MiB; 190.60 W;64
2025/12/26 07:33:57.800;0;40%;23%; 3314 MiB; 179.90 W;69
2025/12/26 07:33:57.800;1;47%;31%; 3313 MiB; 190.55 W;64
2025/12/26 07:33:58.801;0;42%;26%; 3314 MiB; 182.27 W;69
2025/12/26 07:33:58.801;1;45%;31%; 3313 MiB; 191.62 W;64
2025/12/26 07:33:59.802;0;40%;25%; 3314 MiB; 184.49 W;69
2025/12/26 07:33:59.803;1;45%;30%; 3313 MiB; 189.55 W;64
2025/12/26 07:34:00.803;0;41%;25%; 3314 MiB; 186.07 W;70
2025/12/26 07:34:00.804;1;46%;29%; 3313 MiB; 190.36 W;64
2025/12/26 07:34:01.804;0;41%;25%; 3314 MiB; 186.97 W;70
2025/12/26 07:34:01.805;1;46%;30%; 3313 MiB; 189.40 W;64
2025/12/26 07:34:02.806;0;41%;26%; 3314 MiB; 184.63 W;70
2025/12/26 07:34:02.807;1;47%;31%; 3313 MiB; 191.75 W;64
2025/12/26 07:34:03.807;0;44%;25%; 3314 MiB; 186.96 W;70
2025/12/26 07:34:03.808;1;45%;27%; 3313 MiB; 191.20 W;64
2025/12/26 07:34:04.809;0;43%;23%; 3314 MiB; 184.81 W;70
2025/12/26 07:34:04.809;1;44%;28%; 3313 MiB; 186.00 W;64
2025/12/26 07:34:05.810;0;43%;24%; 3314 MiB; 184.54 W;69
2025/12/26 07:34:05.811;1;46%;30%; 3313 MiB; 187.76 W;64
2025/12/26 07:34:06.812;0;40%;25%; 3314 MiB; 183.07 W;70
2025/12/26 07:34:06.812;1;45%;31%; 3313 MiB; 190.79 W;64
2025/12/26 07:34:07.813;0;40%;25%; 3314 MiB; 181.90 W;70
2025/12/26 07:34:07.814;1;44%;29%; 3313 MiB; 189.47 W;64
2025/12/26 07:34:08.814;0;41%;24%; 3314 MiB; 182.16 W;70
2025/12/26 07:34:08.815;1;46%;28%; 3313 MiB; 187.88 W;64
2025/12/26 07:34:09.815;0;41%;23%; 3314 MiB; 185.07 W;70
2025/12/26 07:34:09.816;1;43%;28%; 3313 MiB; 187.95 W;64
2025/12/26 07:34:10.817;0;44%;23%; 3314 MiB; 181.66 W;70
2025/12/26 07:34:10.817;1;45%;29%; 3313 MiB; 189.97 W;64
2025/12/26 07:34:11.818;0;43%;25%; 3314 MiB; 182.98 W;70
2025/12/26 07:34:11.818;1;46%;30%; 3313 MiB; 188.92 W;64
2025/12/26 07:34:12.819;0;40%;25%; 3314 MiB; 187.84 W;70
2025/12/26 07:34:12.820;1;48%;30%; 3313 MiB; 187.51 W;64
2025/12/26 07:34:13.820;0;41%;25%; 3314 MiB; 179.99 W;70
2025/12/26 07:34:13.821;1;45%;27%; 3313 MiB; 189.16 W;64
2025/12/26 07:34:14.822;0;41%;25%; 3314 MiB; 183.12 W;70
2025/12/26 07:34:14.822;1;46%;28%; 3313 MiB; 189.73 W;64
2025/12/26 07:34:15.823;0;41%;26%; 3314 MiB; 183.13 W;70
2025/12/26 07:34:15.824;1;46%;29%; 3313 MiB; 192.11 W;64
2025/12/26 07:34:16.824;0;40%;22%; 3314 MiB; 182.50 W;70
2025/12/26 07:34:16.825;1;45%;28%; 3313 MiB; 189.21 W;64
2025/12/26 07:34:17.826;0;42%;24%; 3314 MiB; 181.71 W;70
2025/12/26 07:34:17.826;1;44%;31%; 3313 MiB; 191.91 W;64
2025/12/26 07:34:18.827;0;41%;23%; 3314 MiB; 187.96 W;70
2025/12/26 07:34:18.828;1;45%;30%; 3313 MiB; 190.51 W;64
2025/12/26 07:34:19.829;0;40%;23%; 3314 MiB; 181.16 W;70
2025/12/26 07:34:19.829;1;46%;30%; 3313 MiB; 188.78 W;64
2025/12/26 07:34:20.830;0;45%;25%; 3314 MiB; 182.38 W;70
2025/12/26 07:34:20.830;1;45%;30%; 3313 MiB; 188.74 W;64
2025/12/26 07:34:21.831;0;43%;25%; 3314 MiB; 181.23 W;70
2025/12/26 07:34:21.832;1;46%;30%; 3313 MiB; 191.14 W;64
2025/12/26 07:34:22.832;0;42%;26%; 3314 MiB; 185.73 W;70
2025/12/26 07:34:22.833;1;45%;26%; 3313 MiB; 187.91 W;64
2025/12/26 07:34:23.833;0;43%;24%; 3314 MiB; 183.85 W;71
2025/12/26 07:34:23.834;1;43%;26%; 3313 MiB; 190.36 W;64
2025/12/26 07:34:24.834;0;43%;23%; 3314 MiB; 185.38 W;70
2025/12/26 07:34:24.835;1;45%;28%; 3313 MiB; 187.46 W;64
2025/12/26 07:34:25.835;0;41%;23%; 3314 MiB; 182.80 W;70
2025/12/26 07:34:25.836;1;44%;30%; 3313 MiB; 188.46 W;64
2025/12/26 07:34:26.837;0;42%;24%; 3314 MiB; 181.19 W;71
2025/12/26 07:34:26.838;1;45%;31%; 3313 MiB; 190.37 W;64
2025/12/26 07:34:27.838;0;39%;24%; 3314 MiB; 183.60 W;70
2025/12/26 07:34:27.839;1;46%;30%; 3313 MiB; 187.32 W;64
2025/12/26 07:34:28.840;0;42%;25%; 3314 MiB; 183.32 W;70
2025/12/26 07:34:28.841;1;45%;31%; 3313 MiB; 192.04 W;64
2025/12/26 07:34:29.842;0;40%;25%; 3314 MiB; 179.01 W;70
2025/12/26 07:34:29.842;1;45%;33%; 3313 MiB; 193.27 W;64
2025/12/26 07:34:30.843;0;41%;26%; 3314 MiB; 183.02 W;71
2025/12/26 07:34:30.844;1;46%;31%; 3313 MiB; 193.02 W;64
2025/12/26 07:34:31.845;0;43%;26%; 3314 MiB; 185.32 W;70
2025/12/26 07:34:31.845;1;46%;31%; 3313 MiB; 192.43 W;64
2025/12/26 07:34:32.846;0;41%;26%; 3314 MiB; 185.82 W;70
2025/12/26 07:34:32.846;1;45%;29%; 3313 MiB; 191.82 W;64
2025/12/26 07:34:33.847;0;41%;26%; 3314 MiB; 184.11 W;70
2025/12/26 07:34:33.847;1;47%;30%; 3313 MiB; 191.29 W;64
2025/12/26 07:34:34.848;0;44%;27%; 3314 MiB; 180.60 W;70
2025/12/26 07:34:34.849;1;44%;29%; 3313 MiB; 191.56 W;64
2025/12/26 07:34:35.849;0;41%;27%; 3314 MiB; 175.87 W;70
2025/12/26 07:34:35.850;1;43%;28%; 3313 MiB; 190.37 W;64
2025/12/26 07:34:36.850;0;43%;27%; 3314 MiB; 179.14 W;70
2025/12/26 07:34:36.851;1;46%;29%; 3313 MiB; 193.88 W;64
2025/12/26 07:34:37.851;0;38%;26%; 3314 MiB; 183.59 W;70
2025/12/26 07:34:37.852;1;45%;31%; 3313 MiB; 192.35 W;64
2025/12/26 07:34:38.853;0;44%;26%; 3314 MiB; 186.53 W;70
2025/12/26 07:34:38.853;1;46%;31%; 3313 MiB; 192.81 W;64
2025/12/26 07:34:39.854;0;42%;25%; 3314 MiB; 187.24 W;71
2025/12/26 07:34:39.855;1;47%;33%; 3313 MiB; 190.36 W;64
2025/12/26 07:34:40.856;0;40%;26%; 3314 MiB; 187.91 W;70
2025/12/26 07:34:40.856;1;45%;32%; 3313 MiB; 189.43 W;64
2025/12/26 07:34:41.860;0;40%;27%; 3314 MiB; 181.67 W;70
2025/12/26 07:34:41.861;1;44%;31%; 3313 MiB; 191.40 W;64
2025/12/26 07:34:42.862;0;40%;29%; 3314 MiB; 182.99 W;71
2025/12/26 07:34:42.862;1;45%;33%; 3313 MiB; 191.86 W;64
2025/12/26 07:34:43.863;0;40%;27%; 3314 MiB; 181.59 W;70
2025/12/26 07:34:43.864;1;45%;33%; 3313 MiB; 196.82 W;64
2025/12/26 07:34:44.864;0;40%;29%; 3314 MiB; 172.65 W;69
2025/12/26 07:34:44.865;1;44%;31%; 3313 MiB; 193.21 W;64
2025/12/26 07:34:45.865;0;42%;27%; 3314 MiB; 162.80 W;69
2025/12/26 07:34:45.866;1;44%;32%; 3313 MiB; 192.39 W;65
2025/12/26 07:34:46.867;0;40%;28%; 3314 MiB; 167.56 W;69
2025/12/26 07:34:46.867;1;44%;32%; 3313 MiB; 191.62 W;64
2025/12/26 07:34:47.868;0;40%;26%; 3314 MiB; 166.00 W;69
2025/12/26 07:34:47.869;1;45%;32%; 3313 MiB; 192.60 W;64
2025/12/26 07:34:48.869;0;41%;27%; 3314 MiB; 169.03 W;69
2025/12/26 07:34:48.870;1;45%;32%; 3313 MiB; 192.50 W;65
2025/12/26 07:34:49.871;0;39%;26%; 3314 MiB; 175.47 W;70
2025/12/26 07:34:49.871;1;45%;33%; 3313 MiB; 193.29 W;64
2025/12/26 07:34:50.872;0;40%;26%; 3314 MiB; 174.38 W;69
2025/12/26 07:34:50.873;1;45%;35%; 3313 MiB; 194.28 W;64
2025/12/26 07:34:51.873;0;41%;27%; 3314 MiB; 170.12 W;69
2025/12/26 07:34:51.874;1;45%;33%; 3313 MiB; 192.72 W;65
2025/12/26 07:34:52.875;0;41%;26%; 3314 MiB; 167.91 W;69
2025/12/26 07:34:52.875;1;45%;34%; 3313 MiB; 192.71 W;64
2025/12/26 07:34:53.876;0;40%;27%; 3314 MiB; 172.87 W;70
2025/12/26 07:34:53.877;1;44%;32%; 3313 MiB; 191.71 W;64
2025/12/26 07:34:54.878;0;39%;26%; 3314 MiB; 165.69 W;69
2025/12/26 07:34:54.878;1;45%;34%; 3313 MiB; 193.65 W;64
2025/12/26 07:34:55.879;0;40%;27%; 3314 MiB; 174.93 W;69
2025/12/26 07:34:55.879;1;45%;33%; 3313 MiB; 191.28 W;64
2025/12/26 07:34:56.880;0;40%;26%; 3314 MiB; 173.95 W;69
2025/12/26 07:34:56.880;1;45%;35%; 3313 MiB; 192.30 W;64
2025/12/26 07:34:57.881;0;41%;27%; 3314 MiB; 174.03 W;70
2025/12/26 07:34:57.882;1;45%;32%; 3313 MiB; 191.66 W;64
2025/12/26 07:34:58.882;0;41%;27%; 3314 MiB; 168.31 W;69
2025/12/26 07:34:58.883;1;45%;34%; 3313 MiB; 194.82 W;64
2025/12/26 07:34:59.883;0;41%;27%; 3314 MiB; 165.01 W;69
2025/12/26 07:34:59.884;1;45%;33%; 3313 MiB; 193.59 W;64
2025/12/26 07:35:00.885;0;41%;27%; 3314 MiB; 167.75 W;69
2025/12/26 07:35:00.885;1;45%;35%; 3313 MiB; 192.90 W;64
2025/12/26 07:35:01.886;0;40%;27%; 3314 MiB; 165.71 W;69
2025/12/26 07:35:01.887;1;45%;33%; 3313 MiB; 192.27 W;64
2025/12/26 07:35:02.887;0;41%;27%; 3314 MiB; 161.68 W;68
2025/12/26 07:35:02.888;1;46%;34%; 3313 MiB; 191.91 W;64
2025/12/26 07:35:03.889;0;42%;29%; 3314 MiB; 164.11 W;69
2025/12/26 07:35:03.890;1;45%;30%; 3313 MiB; 192.60 W;65
2025/12/26 07:35:04.891;0;41%;26%; 3314 MiB; 179.38 W;69
2025/12/26 07:35:04.891;1;45%;30%; 3313 MiB; 193.39 W;64
2025/12/26 07:35:05.892;0;40%;26%; 3314 MiB; 176.85 W;69
2025/12/26 07:35:05.893;1;45%;34%; 3313 MiB; 192.61 W;64
2025/12/26 07:35:06.893;0;40%;29%; 3314 MiB; 176.27 W;70
2025/12/26 07:35:06.894;1;44%;31%; 3313 MiB; 190.48 W;65
2025/12/26 07:35:07.895;0;41%;26%; 3314 MiB; 179.56 W;69
2025/12/26 07:35:07.895;1;45%;30%; 3313 MiB; 191.87 W;65
2025/12/26 07:35:08.896;0;41%;25%; 3314 MiB; 175.41 W;69
2025/12/26 07:35:08.896;1;45%;31%; 3313 MiB; 189.89 W;65
2025/12/26 07:35:09.897;0;39%;26%; 3314 MiB; 183.84 W;70
2025/12/26 07:35:09.898;1;45%;33%; 3313 MiB; 193.10 W;64
2025/12/26 07:35:10.898;0;40%;27%; 3314 MiB; 185.78 W;70
2025/12/26 07:35:10.899;1;47%;32%; 3313 MiB; 190.75 W;64
2025/12/26 07:35:11.899;0;42%;26%; 3314 MiB; 175.57 W;69
2025/12/26 07:35:11.900;1;45%;30%; 3313 MiB; 191.38 W;64
2025/12/26 07:35:12.900;0;42%;26%; 3314 MiB; 176.39 W;70
2025/12/26 07:35:12.901;1;48%;35%; 3313 MiB; 195.40 W;64
2025/12/26 07:35:13.902;0;40%;28%; 3314 MiB; 180.60 W;69
2025/12/26 07:35:13.903;1;46%;32%; 3313 MiB; 191.10 W;64
2025/12/26 07:35:14.903;0;40%;27%; 3314 MiB; 183.85 W;70
2025/12/26 07:35:14.904;1;44%;31%; 3313 MiB; 190.15 W;64
2025/12/26 07:35:15.905;0;43%;28%; 3314 MiB; 182.36 W;70
2025/12/26 07:35:15.906;1;45%;32%; 3313 MiB; 191.41 W;64
2025/12/26 07:35:16.907;0;42%;25%; 3314 MiB; 175.21 W;70
2025/12/26 07:35:16.907;1;44%;33%; 3313 MiB; 192.13 W;64
2025/12/26 07:35:17.908;0;42%;29%; 3314 MiB; 175.02 W;70
2025/12/26 07:35:17.909;1;45%;31%; 3313 MiB; 190.47 W;64
2025/12/26 07:35:18.910;0;43%;26%; 3314 MiB; 184.14 W;70
2025/12/26 07:35:18.910;1;45%;29%; 3313 MiB; 194.65 W;64
2025/12/26 07:35:19.911;0;40%;24%; 3314 MiB; 176.87 W;69
2025/12/26 07:35:19.911;1;44%;31%; 3313 MiB; 193.96 W;65
2025/12/26 07:35:20.912;0;41%;27%; 3314 MiB; 166.06 W;69
2025/12/26 07:35:20.912;1;43%;31%; 3313 MiB; 193.99 W;65
2025/12/26 07:35:21.913;0;40%;27%; 3314 MiB; 175.64 W;69
2025/12/26 07:35:21.914;1;44%;31%; 3313 MiB; 190.92 W;64
2025/12/26 07:35:22.914;0;41%;25%; 3314 MiB; 172.18 W;69
2025/12/26 07:35:22.915;1;44%;32%; 3313 MiB; 192.74 W;65
2025/12/26 07:35:23.915;0;40%;26%; 3314 MiB; 176.97 W;69
2025/12/26 07:35:23.916;1;46%;33%; 3313 MiB; 190.74 W;64
2025/12/26 07:35:24.917;0;40%;27%; 3314 MiB; 180.51 W;69
2025/12/26 07:35:24.917;1;46%;32%; 3313 MiB; 192.30 W;64
2025/12/26 07:35:25.918;0;40%;26%; 3314 MiB; 179.36 W;70
2025/12/26 07:35:25.919;1;45%;32%; 3313 MiB; 190.74 W;65
2025/12/26 07:35:26.919;0;42%;27%; 3314 MiB; 185.45 W;70
2025/12/26 07:35:26.920;1;45%;33%; 3313 MiB; 193.48 W;65
2025/12/26 07:35:27.921;0;41%;27%; 3314 MiB; 181.89 W;70
2025/12/26 07:35:27.922;1;45%;30%; 3313 MiB; 194.41 W;64
2025/12/26 07:35:28.922;0;39%;26%; 3314 MiB; 182.20 W;70
2025/12/26 07:35:28.923;1;44%;32%; 3313 MiB; 192.55 W;64
2025/12/26 07:35:29.924;0;40%;26%; 3314 MiB; 180.91 W;70
2025/12/26 07:35:29.924;1;45%;32%; 3313 MiB; 191.94 W;64
2025/12/26 07:35:30.925;0;40%;27%; 3314 MiB; 181.24 W;70
2025/12/26 07:35:30.926;1;43%;31%; 3313 MiB; 194.27 W;65
2025/12/26 07:35:31.927;0;42%;30%; 3314 MiB; 176.27 W;70
2025/12/26 07:35:31.927;1;46%;38%; 3313 MiB; 198.08 W;65
2025/12/26 07:35:32.928;0;42%;33%; 3314 MiB; 178.81 W;70
2025/12/26 07:35:32.928;1;48%;42%; 3313 MiB; 203.30 W;65
2025/12/26 07:35:33.929;0;40%;30%; 3314 MiB; 182.69 W;70
2025/12/26 07:35:33.929;1;49%;40%; 3313 MiB; 202.34 W;65
2025/12/26 07:35:34.930;0;40%;29%; 3314 MiB; 178.46 W;70
2025/12/26 07:35:34.930;1;44%;31%; 3313 MiB; 201.03 W;64
2025/12/26 07:35:35.931;0;41%;27%; 3314 MiB; 185.86 W;70
2025/12/26 07:35:35.932;1;45%;29%; 3313 MiB; 192.20 W;65
2025/12/26 07:35:36.932;0;41%;26%; 3314 MiB; 184.93 W;70
2025/12/26 07:35:36.933;1;45%;33%; 3313 MiB; 195.35 W;65
2025/12/26 07:35:37.934;0;42%;26%; 3314 MiB; 182.40 W;70
2025/12/26 07:35:37.935;1;42%;31%; 3313 MiB; 191.01 W;64
2025/12/26 07:35:38.935;0;40%;26%; 3314 MiB; 185.66 W;70
2025/12/26 07:35:38.936;1;46%;30%; 3313 MiB; 190.13 W;65
2025/12/26 07:35:39.937;0;42%;26%; 3314 MiB; 185.02 W;70
2025/12/26 07:35:39.937;1;45%;30%; 3313 MiB; 189.92 W;64
2025/12/26 07:35:40.938;0;39%;26%; 3314 MiB; 181.76 W;70
2025/12/26 07:35:40.939;1;45%;35%; 3313 MiB; 192.04 W;65
2025/12/26 07:35:41.940;0;40%;27%; 3314 MiB; 179.06 W;70
2025/12/26 07:35:41.940;1;46%;31%; 3313 MiB; 193.28 W;65
2025/12/26 07:35:42.941;0;42%;26%; 3314 MiB; 182.31 W;70
2025/12/26 07:35:42.942;1;47%;32%; 3313 MiB; 192.17 W;64
2025/12/26 07:35:43.942;0;42%;24%; 3314 MiB; 187.46 W;71
2025/12/26 07:35:43.943;1;48%;32%; 3313 MiB; 190.38 W;65
2025/12/26 07:35:44.944;0;40%;25%; 3314 MiB; 186.32 W;70
2025/12/26 07:35:44.944;1;45%;29%; 3313 MiB; 189.16 W;64
2025/12/26 07:35:45.945;0;39%;24%; 3314 MiB; 184.94 W;70
2025/12/26 07:35:45.945;1;46%;29%; 3313 MiB; 192.55 W;64
2025/12/26 07:35:46.946;0;42%;24%; 3314 MiB; 188.80 W;71
2025/12/26 07:35:46.947;1;44%;28%; 3313 MiB; 189.75 W;64
2025/12/26 07:35:47.947;0;38%;23%; 3314 MiB; 185.05 W;71
2025/12/26 07:35:47.948;1;46%;30%; 3313 MiB; 190.02 W;64
2025/12/26 07:35:48.948;0;39%;24%; 3314 MiB; 189.68 W;71
2025/12/26 07:35:48.949;1;45%;30%; 3313 MiB; 189.33 W;65
2025/12/26 07:35:49.950;0;41%;25%; 3314 MiB; 187.62 W;71
2025/12/26 07:35:49.957;1;46%;29%; 3313 MiB; 189.73 W;65
2025/12/26 07:35:50.958;0;40%;24%; 3314 MiB; 183.65 W;70
2025/12/26 07:35:50.958;1;47%;29%; 3313 MiB; 190.48 W;64
2025/12/26 07:35:51.959;0;43%;24%; 3314 MiB; 184.35 W;70
2025/12/26 07:35:51.960;1;49%;30%; 3313 MiB; 191.68 W;64
2025/12/26 07:35:52.960;0;42%;24%; 3314 MiB; 184.80 W;70
2025/12/26 07:35:52.961;1;43%;28%; 3313 MiB; 191.74 W;64
2025/12/26 07:35:53.961;0;42%;24%; 3314 MiB; 181.09 W;70
2025/12/26 07:35:53.962;1;44%;29%; 3313 MiB; 189.99 W;64
2025/12/26 07:35:54.963;0;40%;23%; 3314 MiB; 186.76 W;70
2025/12/26 07:35:54.963;1;44%;28%; 3313 MiB; 191.36 W;65
2025/12/26 07:35:55.964;0;42%;25%; 3314 MiB; 184.87 W;70
2025/12/26 07:35:55.964;1;45%;30%; 3313 MiB; 187.19 W;64
2025/12/26 07:35:56.965;0;43%;25%; 3314 MiB; 184.84 W;71
2025/12/26 07:35:56.965;1;46%;29%; 3313 MiB; 190.49 W;64
2025/12/26 07:35:57.966;0;41%;24%; 3314 MiB; 186.06 W;71
2025/12/26 07:35:57.967;1;44%;28%; 3313 MiB; 189.66 W;64
2025/12/26 07:35:58.967;0;43%;25%; 3314 MiB; 183.77 W;70
2025/12/26 07:35:58.968;1;45%;29%; 3313 MiB; 190.80 W;65
2025/12/26 07:35:59.969;0;40%;25%; 3314 MiB; 186.23 W;71
2025/12/26 07:35:59.970;1;44%;28%; 3313 MiB; 190.40 W;64
2025/12/26 07:36:00.970;0;41%;26%; 3314 MiB; 186.99 W;71
2025/12/26 07:36:00.971;1;45%;29%; 3313 MiB; 191.55 W;64
2025/12/26 07:36:01.972;0;42%;30%; 3314 MiB; 184.97 W;70
2025/12/26 07:36:01.972;1;47%;36%; 3313 MiB; 194.18 W;64
2025/12/26 07:36:02.973;0;42%;28%; 3314 MiB; 183.58 W;70
2025/12/26 07:36:02.974;1;48%;42%; 3313 MiB; 202.50 W;65
2025/12/26 07:36:03.975;0;41%;30%; 3314 MiB; 187.84 W;71
2025/12/26 07:36:03.975;1;49%;40%; 3313 MiB; 199.90 W;65
2025/12/26 07:36:04.976;0;41%;26%; 3314 MiB; 185.12 W;71
2025/12/26 07:36:04.976;1;46%;31%; 3313 MiB; 195.72 W;64
2025/12/26 07:36:05.977;0;42%;24%; 3314 MiB; 183.78 W;71
2025/12/26 07:36:05.978;1;47%;28%; 3313 MiB; 187.69 W;64
2025/12/26 07:36:06.978;0;41%;23%; 3314 MiB; 185.69 W;71
2025/12/26 07:36:06.979;1;46%;29%; 3313 MiB; 190.01 W;64
2025/12/26 07:36:07.979;0;42%;25%; 3314 MiB; 183.24 W;71
2025/12/26 07:36:07.980;1;44%;29%; 3313 MiB; 191.21 W;65
2025/12/26 07:36:08.980;0;40%;24%; 3314 MiB; 185.09 W;70
2025/12/26 07:36:08.981;1;45%;30%; 3313 MiB; 190.67 W;64
2025/12/26 07:36:09.982;0;42%;26%; 3314 MiB; 180.03 W;71
2025/12/26 07:36:09.982;1;46%;31%; 3313 MiB; 190.67 W;64
2025/12/26 07:36:10.983;0;41%;24%; 3314 MiB; 187.11 W;71
2025/12/26 07:36:10.983;1;45%;29%; 3313 MiB; 191.30 W;65
2025/12/26 07:36:11.984;0;42%;24%; 3314 MiB; 185.24 W;71
2025/12/26 07:36:11.985;1;46%;28%; 3313 MiB; 191.04 W;64
2025/12/26 07:36:12.985;0;38%;26%; 3314 MiB; 187.62 W;71
2025/12/26 07:36:12.986;1;46%;30%; 3313 MiB; 190.20 W;64
2025/12/26 07:36:13.987;0;41%;34%; 3314 MiB; 191.30 W;71
2025/12/26 07:36:13.988;1;47%;37%; 3313 MiB; 200.12 W;65
2025/12/26 07:36:14.989;0;41%;30%; 3314 MiB; 183.26 W;71
2025/12/26 07:36:14.989;1;48%;41%; 3313 MiB; 201.54 W;65
2025/12/26 07:36:15.990;0;42%;26%; 3314 MiB; 188.52 W;70
2025/12/26 07:36:15.990;1;49%;40%; 3313 MiB; 199.09 W;64
2025/12/26 07:36:16.991;0;39%;25%; 3314 MiB; 185.55 W;71
2025/12/26 07:36:16.992;1;44%;28%; 3313 MiB; 190.54 W;64
2025/12/26 07:36:17.992;0;39%;24%; 3314 MiB; 188.36 W;71
2025/12/26 07:36:17.993;1;46%;30%; 3313 MiB; 191.69 W;65
2025/12/26 07:36:18.994;0;41%;25%; 3314 MiB; 183.48 W;70
2025/12/26 07:36:18.994;1;43%;28%; 3313 MiB; 190.46 W;64
2025/12/26 07:36:19.995;0;41%;30%; 3314 MiB; 187.40 W;71
2025/12/26 07:36:19.995;1;47%;41%; 3313 MiB; 197.76 W;64
2025/12/26 07:36:20.996;0;41%;24%; 3314 MiB; 185.26 W;71
2025/12/26 07:36:20.996;1;46%;30%; 3313 MiB; 193.29 W;65
2025/12/26 07:36:21.997;0;40%;24%; 3314 MiB; 184.34 W;71
2025/12/26 07:36:21.998;1;46%;29%; 3313 MiB; 191.98 W;64
2025/12/26 07:36:22.998;0;41%;24%; 3314 MiB; 183.18 W;71
2025/12/26 07:36:22.999;1;46%;30%; 3313 MiB; 190.02 W;64
2025/12/26 07:36:24.000;0;41%;24%; 3314 MiB; 183.91 W;71
2025/12/26 07:36:24.001;1;44%;30%; 3313 MiB; 191.17 W;64
2025/12/26 07:36:25.001;0;41%;24%; 3314 MiB; 184.56 W;71
2025/12/26 07:36:25.002;1;47%;31%; 3313 MiB; 190.32 W;64
2025/12/26 07:36:26.003;0;39%;24%; 3314 MiB; 182.57 W;71
2025/12/26 07:36:26.003;1;45%;30%; 3313 MiB; 189.43 W;64
2025/12/26 07:36:27.004;0;43%;25%; 3314 MiB; 182.08 W;71
2025/12/26 07:36:27.005;1;46%;30%; 3313 MiB; 190.05 W;65
2025/12/26 07:36:28.006;0;42%;23%; 3314 MiB; 186.54 W;71
2025/12/26 07:36:28.006;1;44%;28%; 3313 MiB; 189.92 W;64
2025/12/26 07:36:29.007;0;41%;26%; 3314 MiB; 186.30 W;71
2025/12/26 07:36:29.008;1;44%;28%; 3313 MiB; 190.25 W;65
2025/12/26 07:36:30.008;0;39%;25%; 3314 MiB; 187.17 W;71
2025/12/26 07:36:30.009;1;46%;30%; 3313 MiB; 191.60 W;64
2025/12/26 07:36:31.009;0;43%;26%; 3314 MiB; 189.67 W;71
2025/12/26 07:36:31.010;1;44%;28%; 3313 MiB; 191.01 W;64
2025/12/26 07:36:32.011;0;41%;25%; 3314 MiB; 184.89 W;71
2025/12/26 07:36:32.011;1;45%;29%; 3313 MiB; 190.51 W;64
2025/12/26 07:36:33.012;0;41%;24%; 3314 MiB; 186.68 W;71
2025/12/26 07:36:33.012;1;45%;29%; 3313 MiB; 189.14 W;64
2025/12/26 07:36:34.013;0;40%;23%; 3314 MiB; 185.21 W;71
2025/12/26 07:36:34.013;1;45%;28%; 3313 MiB; 189.54 W;64
2025/12/26 07:36:35.014;0;42%;23%; 3314 MiB; 186.30 W;71
2025/12/26 07:36:35.015;1;47%;29%; 3313 MiB; 192.08 W;64
2025/12/26 07:36:36.015;0;42%;25%; 3314 MiB; 184.81 W;71
2025/12/26 07:36:36.016;1;44%;29%; 3313 MiB; 190.56 W;64
2025/12/26 07:36:37.016;0;42%;24%; 3314 MiB; 185.48 W;71
2025/12/26 07:36:37.017;1;46%;30%; 3313 MiB; 188.80 W;64
2025/12/26 07:36:38.018;0;41%;34%; 3314 MiB; 187.66 W;71
2025/12/26 07:36:38.019;1;47%;39%; 3313 MiB; 196.10 W;65
2025/12/26 07:36:39.019;0;42%;34%; 3314 MiB; 182.85 W;71
2025/12/26 07:36:39.020;1;47%;40%; 3313 MiB; 204.19 W;64
2025/12/26 07:36:40.023;0;41%;23%; 3314 MiB; 177.83 W;70
2025/12/26 07:36:40.024;1;45%;27%; 3313 MiB; 198.25 W;65
2025/12/26 07:36:41.024;0;42%;24%; 3314 MiB; 182.84 W;71
2025/12/26 07:36:41.025;1;45%;28%; 3313 MiB; 189.41 W;64
2025/12/26 07:36:42.026;0;42%;25%; 3314 MiB; 187.53 W;71
2025/12/26 07:36:42.026;1;46%;29%; 3313 MiB; 189.31 W;64
2025/12/26 07:36:43.027;0;40%;25%; 3314 MiB; 186.87 W;71
2025/12/26 07:36:43.027;1;45%;28%; 3313 MiB; 190.75 W;65
2025/12/26 07:36:44.028;0;41%;23%; 3314 MiB; 186.96 W;71
2025/12/26 07:36:44.028;1;43%;29%; 3313 MiB; 190.23 W;65
2025/12/26 07:36:45.029;0;40%;23%; 3314 MiB; 187.38 W;72
2025/12/26 07:36:45.030;1;45%;29%; 3313 MiB; 191.85 W;64
2025/12/26 07:36:46.030;0;40%;23%; 3314 MiB; 185.67 W;71
2025/12/26 07:36:46.031;1;45%;29%; 3313 MiB; 190.54 W;65
2025/12/26 07:36:47.031;0;40%;29%; 3314 MiB; 185.95 W;71
2025/12/26 07:36:47.032;1;48%;37%; 3313 MiB; 199.40 W;65
2025/12/26 07:36:48.033;0;41%;34%; 3314 MiB; 186.49 W;71
2025/12/26 07:36:48.034;1;48%;37%; 3313 MiB; 201.04 W;65
2025/12/26 07:36:49.034;0;42%;29%; 3314 MiB; 183.07 W;71
2025/12/26 07:36:49.035;1;44%;28%; 3313 MiB; 198.77 W;64
2025/12/26 07:36:50.036;0;44%;25%; 3314 MiB; 184.32 W;71
2025/12/26 07:36:50.037;1;45%;29%; 3313 MiB; 190.48 W;64
2025/12/26 07:36:51.037;0;41%;24%; 3314 MiB; 187.23 W;71
2025/12/26 07:36:51.038;1;46%;29%; 3313 MiB; 187.62 W;64
2025/12/26 07:36:52.039;0;41%;25%; 3314 MiB; 183.00 W;71
2025/12/26 07:36:52.040;1;45%;29%; 3313 MiB; 191.15 W;64
2025/12/26 07:36:53.040;0;41%;23%; 3314 MiB; 186.46 W;71
2025/12/26 07:36:53.041;1;47%;30%; 3313 MiB; 190.66 W;64
2025/12/26 07:36:54.042;0;41%;24%; 3314 MiB; 187.00 W;71
2025/12/26 07:36:54.042;1;44%;27%; 3313 MiB; 190.78 W;65
2025/12/26 07:36:55.043;0;42%;25%; 3314 MiB; 182.99 W;71
2025/12/26 07:36:55.043;1;45%;29%; 3313 MiB; 192.07 W;64
2025/12/26 07:36:56.044;0;43%;24%; 3314 MiB; 184.54 W;71
2025/12/26 07:36:56.045;1;47%;28%; 3313 MiB; 190.60 W;64
2025/12/26 07:36:57.045;0;41%;28%; 3314 MiB; 185.15 W;71
2025/12/26 07:36:57.046;1;50%;39%; 3313 MiB; 194.32 W;65
2025/12/26 07:36:58.046;0;39%;33%; 3314 MiB; 190.48 W;72
2025/12/26 07:36:58.047;1;47%;41%; 3313 MiB; 201.12 W;65
2025/12/26 07:36:59.047;0;43%;30%; 3314 MiB; 187.89 W;71
2025/12/26 07:36:59.048;1;47%;41%; 3313 MiB; 200.73 W;65
2025/12/26 07:37:00.049;0;41%;24%; 3314 MiB; 190.25 W;71
2025/12/26 07:37:00.050;1;46%;28%; 3313 MiB; 197.45 W;65
2025/12/26 07:37:01.050;0;41%;24%; 3314 MiB; 182.90 W;71
2025/12/26 07:37:01.051;1;44%;28%; 3313 MiB; 189.82 W;64
2025/12/26 07:37:02.052;0;41%;25%; 3314 MiB; 184.69 W;71
2025/12/26 07:37:02.053;1;44%;28%; 3313 MiB; 190.68 W;64
2025/12/26 07:37:03.053;0;41%;25%; 3314 MiB; 185.15 W;71
2025/12/26 07:37:03.054;1;45%;29%; 3313 MiB; 190.77 W;65
2025/12/26 07:37:04.055;0;41%;25%; 3314 MiB; 188.14 W;71
2025/12/26 07:37:04.055;1;48%;29%; 3313 MiB; 192.30 W;64
2025/12/26 07:37:05.056;0;39%;23%; 3314 MiB; 187.20 W;71
2025/12/26 07:37:05.057;1;46%;30%; 3313 MiB; 190.39 W;64
2025/12/26 07:37:06.057;0;41%;23%; 3314 MiB; 187.15 W;71
2025/12/26 07:37:06.058;1;45%;27%; 3313 MiB; 191.11 W;64
2025/12/26 07:37:07.059;0;42%;25%; 3314 MiB; 183.21 W;71
2025/12/26 07:37:07.059;1;44%;28%; 3313 MiB; 188.36 W;65
2025/12/26 07:37:08.060;0;41%;24%; 3314 MiB; 186.53 W;71
2025/12/26 07:37:08.060;1;46%;29%; 3313 MiB; 191.04 W;65
2025/12/26 07:37:09.061;0;42%;24%; 3314 MiB; 186.68 W;71
2025/12/26 07:37:09.061;1;47%;29%; 3313 MiB; 189.07 W;64
2025/12/26 07:37:10.062;0;41%;23%; 3314 MiB; 186.97 W;71
2025/12/26 07:37:10.062;1;47%;30%; 3313 MiB; 189.85 W;64
2025/12/26 07:37:11.063;0;44%;24%; 3314 MiB; 187.46 W;71
2025/12/26 07:37:11.064;1;47%;28%; 3313 MiB; 190.74 W;64
;;42%;29%;;;
