Time;GPU Memory Used
16/12/2025 15:01;0%
16/12/2025 15:02;0%
16/12/2025 15:02;30,00%
16/12/2025 15:03;30,00%
16/12/2025 15:03;30,00%
16/12/2025 15:04;30,00%
16/12/2025 15:04;30,00%
16/12/2025 15:05;30,00%
16/12/2025 15:05;30,00%
16/12/2025 15:06;30,00%
16/12/2025 15:06;30,00%
16/12/2025 15:07;30,00%
16/12/2025 15:07;30,00%
16/12/2025 15:08;30,00%
16/12/2025 15:08;30,00%
16/12/2025 15:09;30,00%
16/12/2025 15:09;30,00%
16/12/2025 15:10;30,00%
16/12/2025 15:10;30,00%
16/12/2025 15:11;30,00%
16/12/2025 15:11;30,00%
16/12/2025 15:12;30,00%
16/12/2025 15:12;30,00%
16/12/2025 15:13;30,00%
16/12/2025 15:13;30,00%
16/12/2025 15:14;30,00%
16/12/2025 15:14;30,00%
16/12/2025 15:15;30,00%
16/12/2025 15:15;30,00%
16/12/2025 15:16;30,00%
16/12/2025 15:16;30,00%
16/12/2025 15:17;30,00%
16/12/2025 15:17;30,00%
16/12/2025 15:18;30,00%
16/12/2025 15:18;30,00%
16/12/2025 15:19;30,00%
16/12/2025 15:19;30,00%
16/12/2025 15:20;30,00%
16/12/2025 15:20;30,00%
16/12/2025 15:21;30,00%
16/12/2025 15:21;30,00%
16/12/2025 15:22;30,00%
16/12/2025 15:22;30,00%
16/12/2025 15:23;30,00%
16/12/2025 15:23;30,00%
16/12/2025 15:24;30,00%
16/12/2025 15:24;30,00%
16/12/2025 15:25;30,00%
16/12/2025 15:25;30,00%
16/12/2025 15:26;30,00%
16/12/2025 15:26;30,00%
16/12/2025 15:27;30,00%
16/12/2025 15:27;30,00%
16/12/2025 15:28;30,00%
16/12/2025 15:28;30,00%
16/12/2025 15:29;30,00%
16/12/2025 15:29;30,00%
16/12/2025 15:30;30,00%
16/12/2025 15:30;30,00%
16/12/2025 15:31;30,00%
16/12/2025 15:31;30,00%
16/12/2025 15:32;30,00%
16/12/2025 15:32;30,00%
16/12/2025 15:33;30,00%
16/12/2025 15:33;30,00%
16/12/2025 15:34;30,00%
16/12/2025 15:34;30,00%
16/12/2025 15:35;30,00%
16/12/2025 15:35;30,00%
16/12/2025 15:36;30,00%
16/12/2025 15:36;30,00%
16/12/2025 15:37;30,00%
16/12/2025 15:37;30,00%
16/12/2025 15:38;30,00%
16/12/2025 15:38;30,00%
16/12/2025 15:39;30,00%
16/12/2025 15:39;30,00%
16/12/2025 15:40;30,00%
16/12/2025 15:40;30,00%
16/12/2025 15:41;30,00%
16/12/2025 15:41;30,00%
16/12/2025 15:42;30,00%
16/12/2025 15:42;30,00%
16/12/2025 15:43;30,00%
16/12/2025 15:43;30,00%
16/12/2025 15:44;30,00%
16/12/2025 15:44;30,00%
16/12/2025 15:45;30,00%
16/12/2025 15:45;30,00%
16/12/2025 15:46;30,00%
16/12/2025 15:46;30,00%
16/12/2025 15:47;30,00%
16/12/2025 15:47;30,00%
16/12/2025 15:48;30,00%
16/12/2025 15:48;30,00%
16/12/2025 15:49;30,00%
16/12/2025 15:49;30,00%
16/12/2025 15:50;30,00%
16/12/2025 15:50;30,00%
16/12/2025 15:51;30,00%
16/12/2025 15:51;30,00%
16/12/2025 15:52;30,00%
16/12/2025 15:52;30,00%
16/12/2025 15:53;30,00%
16/12/2025 15:53;30,00%
16/12/2025 15:54;30,00%
16/12/2025 15:54;30,00%
16/12/2025 15:55;30,00%
16/12/2025 15:55;30,00%
16/12/2025 15:56;30,00%
16/12/2025 15:56;30,00%
16/12/2025 15:57;30,00%
16/12/2025 15:57;30,00%
16/12/2025 15:58;30,00%
16/12/2025 15:58;30,00%
16/12/2025 15:59;30,00%
16/12/2025 15:59;30,00%
16/12/2025 16:00;30,00%
16/12/2025 16:00;30,00%
16/12/2025 16:01;30,00%
16/12/2025 16:01;30,00%
16/12/2025 16:02;30,00%
16/12/2025 16:02;30,00%
16/12/2025 16:03;30,00%
16/12/2025 16:03;30,00%
16/12/2025 16:04;30,00%
16/12/2025 16:04;30,00%
16/12/2025 16:05;30,00%
16/12/2025 16:05;30,00%
16/12/2025 16:06;30,00%
16/12/2025 16:06;30,00%
16/12/2025 16:07;30,00%
16/12/2025 16:07;30,00%
16/12/2025 16:08;30,00%
16/12/2025 16:08;30,00%
16/12/2025 16:09;30,00%
16/12/2025 16:09;30,00%
16/12/2025 16:10;30,00%
16/12/2025 16:10;30,00%
16/12/2025 16:11;30,00%
16/12/2025 16:11;30,00%
16/12/2025 16:12;30,00%
16/12/2025 16:12;30,00%
16/12/2025 16:13;30,00%
16/12/2025 16:13;30,00%
16/12/2025 16:14;30,00%
16/12/2025 16:14;30,00%
16/12/2025 16:15;30,00%
16/12/2025 16:15;30,00%
16/12/2025 16:16;30,00%
16/12/2025 16:16;30,00%
16/12/2025 16:17;30,00%
16/12/2025 16:17;30,00%
16/12/2025 16:18;30,00%
16/12/2025 16:18;30,00%
16/12/2025 16:19;30,00%
16/12/2025 16:19;30,00%
16/12/2025 16:20;30,00%
16/12/2025 16:20;30,00%
16/12/2025 16:21;30,00%
16/12/2025 16:21;30,00%
16/12/2025 16:22;30,00%
16/12/2025 16:22;30,00%
16/12/2025 16:23;30,00%
16/12/2025 16:23;30,00%
16/12/2025 16:24;30,00%
16/12/2025 16:24;30,00%
16/12/2025 16:25;30,00%
16/12/2025 16:25;30,00%
16/12/2025 16:26;30,00%
16/12/2025 16:26;30,00%
16/12/2025 16:27;30,00%
16/12/2025 16:27;30,00%
16/12/2025 16:28;30,00%
16/12/2025 16:28;30,00%
16/12/2025 16:29;30,00%
16/12/2025 16:29;30,00%
16/12/2025 16:30;30,00%
16/12/2025 16:30;30,00%
16/12/2025 16:31;30,00%
16/12/2025 16:31;30,00%
16/12/2025 16:32;30,00%
16/12/2025 16:32;30,00%
16/12/2025 16:33;30,00%
16/12/2025 16:33;30,00%
16/12/2025 16:34;30,00%
16/12/2025 16:34;30,00%
16/12/2025 16:35;30,00%
16/12/2025 16:35;30,00%
16/12/2025 16:36;30,00%
16/12/2025 16:36;30,00%
16/12/2025 16:37;30,00%
16/12/2025 16:37;30,00%
16/12/2025 16:38;30,00%
16/12/2025 16:38;30,00%
16/12/2025 16:39;30,00%
16/12/2025 16:39;30,00%
16/12/2025 16:40;30,00%
16/12/2025 16:40;30,00%
16/12/2025 16:41;30,00%
16/12/2025 16:41;30,00%
16/12/2025 16:42;30,00%
16/12/2025 16:42;30,00%
16/12/2025 16:43;30,00%
16/12/2025 16:43;30,00%
16/12/2025 16:44;30,00%
16/12/2025 16:44;30,00%
16/12/2025 16:45;24,90%
;30%
