total;free;used;buff/cache;
128530,7;3695;14537,5;110298,2;0,113105274
128530,7;3695;14537,5;110298,2;0,113105274
128530,7;3695;14537,5;110298,2;0,113105274
128530,7;2958;15198,5;110374,3;0,118247236
128530,7;2958;15198,5;110374,3;0,118247236
128530,7;2958;15198,5;110374,3;0,118247236
128530,7;3018,3;15138,2;110374,3;0,117778087
128530,7;3018,3;15138,2;110374,3;0,117778087
128530,7;3018,3;15138,2;110374,3;0,117778087
128530,7;2891,2;15265,2;110374,3;0,118766956
128530,7;2891,2;15265,2;110374,3;0,118766956
128530,7;2891,2;15265,2;110374,3;0,118766956
128530,7;2885,3;15271,1;110374,4;0,118812081
128530,7;2885,3;15271,1;110374,4;0,118812081
128530,7;2885,3;15271,1;110374,4;0,118812081
128530,7;2763,8;15392,5;110374,4;0,119757381
128530,7;2763,8;15392,5;110374,4;0,119757381
128530,7;2763,8;15392,5;110374,4;0,119757381
128530,7;2721,7;15434,1;110375;0,120080261
128530,7;2721,7;15434,1;110375;0,120080261
128530,7;2721,7;15434,1;110375;0,120080261
128530,7;2684,3;15471,4;110375;0,120371242
128530,7;2684,3;15471,4;110375;0,120371242
128530,7;2684,3;15471,4;110375;0,120371242
128530,7;2590;15565,7;110375;0,121104919
128530,7;2590;15565,7;110375;0,121104919
128530,7;2590;15565,7;110375;0,121104919
128530,7;2511,9;15643,8;110375,1;0,121711778
128530,7;2511,9;15643,8;110375,1;0,121711778
128530,7;2511,9;15643,8;110375,1;0,121711778
128530,7;2489,4;15665,7;110375,6;0,121882943
128530,7;2489,4;15665,7;110375,6;0,121882943
128530,7;2489,4;15665,7;110375,6;0,121882943
128530,7;2531,5;15623,6;110375,7;0,121554617
128530,7;2531,5;15623,6;110375,7;0,121554617
128530,7;2531,5;15623,6;110375,7;0,121554617
128530,7;2474,8;15680,2;110375,7;0,121995757
128530,7;2474,8;15680,2;110375,7;0,121995757
128530,7;2474,8;15680,2;110375,7;0,121995757
128530,7;2526,2;15628,7;110375,8;0,121595074
128530,7;2526,2;15628,7;110375,8;0,121595074
128530,7;2526,2;15628,7;110375,8;0,121595074
128530,7;2480,3;15674,6;110375,8;0,121952187
128530,7;2480,3;15674,6;110375,8;0,121952187
128530,7;2480,3;15674,6;110375,8;0,121952187
128530,7;2535,5;15619,4;110375,8;0,121522718
128530,7;2535,5;15619,4;110375,8;0,121522718
128530,7;2535,5;15619,4;110375,8;0,121522718
128530,7;2434,2;15720,2;110376,4;0,122306188
128530,7;2434,2;15720,2;110376,4;0,122306188
128530,7;2434,2;15720,2;110376,4;0,122306188
128530,7;2377;15777,3;110376,4;0,122751218
128530,7;2377;15777,3;110376,4;0,122751218
128530,7;2377;15777,3;110376,4;0,122751218
128530,7;2430,1;15724,2;110376,4;0,122338087
128530,7;2430,1;15724,2;110376,4;0,122338087
128530,7;2430,1;15724,2;110376,4;0,122338087
128530,7;2385,1;15769,2;110376,5;0,12268742
128530,7;2385,1;15769,2;110376,5;0,12268742
128530,7;2385,1;15769,2;110376,5;0,12268742
128530,7;2459,8;15694,4;110376,5;0,122106236
128530,7;2459,8;15694,4;110376,5;0,122106236
128530,7;2459,8;15694,4;110376,5;0,122106236
128530,7;2459,4;15694,8;110376,5;0,122109348
128530,7;2459,4;15694,8;110376,5;0,122109348
128530,7;2459,4;15694,8;110376,5;0,122109348
128530,7;2369,2;15784,5;110377,1;0,122806458
128530,7;2369,2;15784,5;110377,1;0,122806458
128530,7;2369,2;15784,5;110377,1;0,122806458
128530,7;2384,8;15768,8;110377,1;0,122685086
128530,7;2384,8;15768,8;110377,1;0,122685086
128530,7;2384,8;15768,8;110377,1;0,122685086
128530,7;2421,1;15732;110377,7;0,122397995
128530,7;2421,1;15732;110377,7;0,122397995
128530,7;2421,1;15732;110377,7;0,122397995
128530,7;2404,1;15748,4;110378,2;0,122526369
128530,7;2404,1;15748,4;110378,2;0,122526369
128530,7;2404,1;15748,4;110378,2;0,122526369
128530,7;2387,8;15764,7;110378,3;0,122652409
128530,7;2387,8;15764,7;110378,3;0,122652409
128530,7;2387,8;15764,7;110378,3;0,122652409
128530,7;2374,1;15778,4;110378,3;0,122758998
128530,7;2374,1;15778,4;110378,3;0,122758998
128530,7;2412,8;15739,6;110378,3;0,122457903
128530,7;2412,8;15739,6;110378,3;0,122457903
128530,7;2412,8;15739,6;110378,3;0,122457903
128530,7;2363,2;15789,1;110378,4;0,122843025
128530,7;2363,2;15789,1;110378,4;0,122843025
128530,7;2363,2;15789,1;110378,4;0,122843025
128530,7;2402,8;15749,5;110378,4;0,122534927
128530,7;2402,8;15749,5;110378,4;0,122534927
128530,7;2402,8;15749,5;110378,4;0,122534927
128530,7;2381,4;15770,4;110378,9;0,122697535
128530,7;2381,4;15770,4;110378,9;0,122697535
128530,7;2381,4;15770,4;110378,9;0,122697535
128530,7;2321,6;15830,2;110379;0,123162015
128530,7;2321,6;15830,2;110379;0,123162015
128530,7;2321,6;15830,2;110379;0,123162015
128530,7;2397,8;15753,9;110379;0,122569161
128530,7;2397,8;15753,9;110379;0,122569161
128530,7;2397,8;15753,9;110379;0,122569161
128530,7;2377,9;15773,8;110379;0,122723987
128530,7;2377,9;15773,8;110379;0,122723987
128530,7;2377,9;15773,8;110379;0,122723987
128530,7;2370;15781,6;110379,1;0,122784673
128530,7;2370;15781,6;110379,1;0,122784673
128530,7;2370;15781,6;110379,1;0,122784673
128530,7;2399;15752,6;110379,1;0,122559046
128530,7;2399;15752,6;110379,1;0,122559046
128530,7;2399;15752,6;110379,1;0,122559046
128530,7;2341,7;15809,8;110379,1;0,123004854
128530,7;2341,7;15809,8;110379,1;0,123004854
128530,7;2341,7;15809,8;110379,1;0,123004854
128530,7;2363,3;15788,3;110379,2;0,122836023
128530,7;2363,3;15788,3;110379,2;0,122836023
128530,7;2363,3;15788,3;110379,2;0,122836023
128530,7;2321,7;15829,4;110379,7;0,123155791
128530,7;2321,7;15829,4;110379,7;0,123155791
128530,7;2321,7;15829,4;110379,7;0,123155791
128530,7;2410,3;15740,7;110379,8;0,122465683
128530,7;2410,3;15740,7;110379,8;0,122465683
128530,7;2410,3;15740,7;110379,8;0,122465683
128530,7;2393,7;15757,3;110379,8;0,122594835
128530,7;2393,7;15757,3;110379,8;0,122594835
128530,7;2393,7;15757,3;110379,8;0,122594835
128530,7;2337,3;15813,6;110379,8;0,123033641
128530,7;2337,3;15813,6;110379,8;0,123033641
128530,7;2337,3;15813,6;110379,8;0,123033641
128530,7;2304;15846,9;110379,8;0,123292723
128530,7;2304;15846,9;110379,8;0,123292723
128530,7;2304;15846,9;110379,8;0,123292723
128530,7;2358,5;15792,4;110379,9;0,122867922
128530,7;2358,5;15792,4;110379,9;0,122867922
128530,7;2358,5;15792,4;110379,9;0,122867922
128530,7;2355,3;15795,5;110379,9;0,122892819
128530,7;2355,3;15795,5;110379,9;0,122892819
128530,7;2355,3;15795,5;110379,9;0,122892819
128530,7;2312,9;15837,4;110380,5;0,123218033
128530,7;2312,9;15837,4;110380,5;0,123218033
128530,7;2312,9;15837,4;110380,5;0,123218033
128530,7;2303,6;15846,6;110380,5;0,123290389
128530,7;2303,6;15846,6;110380,5;0,123290389
128530,7;2303,6;15846,6;110380,5;0,123290389
128530,7;2369,4;15780,8;110380,6;0,122777671
128530,7;2369,4;15780,8;110380,6;0,122777671
128530,7;2369,4;15780,8;110380,6;0,122777671
128530,7;2332,3;15817,8;110380,6;0,123066318
128530,7;2332,3;15817,8;110380,6;0,123066318
128530,7;2332,3;15817,8;110380,6;0,123066318
128530,7;2343,9;15806,2;110380,6;0,122976067
128530,7;2343,9;15806,2;110380,6;0,122976067
128530,7;2343,9;15806,2;110380,6;0,122976067
128530,7;2333,6;15816,4;110380,6;0,123056204
128530,7;2333,6;15816,4;110380,6;0,123056204
128530,7;2333,6;15816,4;110380,6;0,123056204
128530,7;2285,3;15864,7;110380,7;0,123431211
128530,7;2285,3;15864,7;110380,7;0,123431211
128530,7;2285,3;15864,7;110380,7;0,123431211
128530,7;2286,6;15863,3;110380,8;0,123420319
128530,7;2286,6;15863,3;110380,8;0,123420319
128530,7;2286,6;15863,3;110380,8;0,123420319
128530,7;2314;15835,8;110380,9;0,123206362
128530,7;2314;15835,8;110380,9;0,123206362
128530,7;2314;15835,8;110380,9;0,123206362
128530,7;2277,3;15872,6;110380,9;0,123491897
128530,7;2277,3;15872,6;110380,9;0,123491897
128530,7;2277,3;15872,6;110380,9;0,123491897
128530,7;2255;15894,8;110380,9;0,123665397
128530,7;2255;15894,8;110380,9;0,123665397
128530,7;2255;15894,8;110380,9;0,123665397
128530,7;2266,2;15883,6;110381;0,12357748
128530,7;2266,2;15883,6;110381;0,12357748
128530,7;2266,2;15883,6;110381;0,12357748
128530,7;2293,4;15856,3;110381;0,123365857
128530,7;2293,4;15856,3;110381;0,123365857
128530,7;2293,4;15856,3;110381;0,123365857
128530,7;2236,4;15913,3;110381;0,123809331
128530,7;2236,4;15913,3;110381;0,123809331
128530,7;2236,4;15913,3;110381;0,123809331
128530,7;2294,2;15855,5;110381,1;0,123358855
128530,7;2294,2;15855,5;110381,1;0,123358855
128530,7;2294,2;15855,5;110381,1;0,123358855
128530,7;2311,6;15838;110381,1;0,123223479
128530,7;2311,6;15838;110381,1;0,123223479
128530,7;2311,6;15838;110381,1;0,123223479
128530,7;2294,7;15854,9;110381,1;0,123354965
128530,7;2294,7;15854,9;110381,1;0,123354965
128530,7;2294,7;15854,9;110381,1;0,123354965
128530,7;2315,6;15833,9;110381,1;0,123192358
128530,7;2315,6;15833,9;110381,1;0,123192358
128530,7;2324,6;15824,7;110381,4;0,123120002
128530,7;2324,6;15824,7;110381,4;0,123120002
128530,7;2324,6;15824,7;110381,4;0,123120002
128530,7;2278,3;15870,5;110382;0,123475559
128530,7;2278,3;15870,5;110382;0,123475559
128530,7;2278,3;15870,5;110382;0,123475559
128530,7;2249,3;15899,4;110382;0,123701186
128530,7;2249,3;15899,4;110382;0,123701186
128530,7;2249,3;15899,4;110382;0,123701186
128530,7;2294,1;15854,1;110382,5;0,123348741
128530,7;2294,1;15854,1;110382,5;0,123348741
128530,7;2294,1;15854,1;110382,5;0,123348741
128530,7;2283,9;15854,4;110392,5;0,123350297
128530,7;2283,9;15854,4;110392,5;0,123350297
128530,7;2283,9;15854,4;110392,5;0,123350297
128530,7;2309,9;15891,7;110329,2;0,1236405
128530,7;2309,9;15891,7;110329,2;0,1236405
128530,7;2309,9;15891,7;110329,2;0,1236405
128530,7;2310,5;15891;110329,2;0,123635832
128530,7;2310,5;15891;110329,2;0,123635832
128530,7;2310,5;15891;110329,2;0,123635832
128530,7;2337,3;15864,2;110329,3;0,123426543
128530,7;2337,3;15864,2;110329,3;0,123426543
128530,7;2337,3;15864,2;110329,3;0,123426543
128530,7;2321,1;15879,8;110329,8;0,123548693
128530,7;2321,1;15879,8;110329,8;0,123548693
128530,7;2321,1;15879,8;110329,8;0,123548693
128530,7;2310;15890,4;110330,4;0,123630386
128530,7;2310;15890,4;110330,4;0,123630386
128530,7;2310;15890,4;110330,4;0,123630386
128530,7;2276,9;15922,6;110331,2;0,123881687
128530,7;2276,9;15922,6;110331,2;0,123881687
128530,7;2276,9;15922,6;110331,2;0,123881687
128530,7;2259;15940,4;110331,3;0,124020176
128530,7;2259;15940,4;110331,3;0,124020176
128530,7;2259;15940,4;110331,3;0,124020176
128530,7;2270,4;15928,5;110331,8;0,123927591
128530,7;2270,4;15928,5;110331,8;0,123927591
128530,7;2270,4;15928,5;110331,8;0,123927591
128530,7;2274,5;15923,8;110332,4;0,123891024
128530,7;2274,5;15923,8;110332,4;0,123891024
128530,7;2274,5;15923,8;110332,4;0,123891024
128530,7;2264;15933,4;110333,3;0,123965714
128530,7;2264;15933,4;110333,3;0,123965714
128530,7;2264;15933,4;110333,3;0,123965714
128530,7;2273,6;15923,3;110333,8;0,123887134
128530,7;2273,6;15923,3;110333,8;0,123887134
128530,7;2273,6;15923,3;110333,8;0,123887134
128530,7;2269,5;15927,4;110333,9;0,123918255
128530,7;2269,5;15927,4;110333,9;0,123918255
128530,7;2269,5;15927,4;110333,9;0,123918255
128530,7;2305;15886,3;110339,4;0,123599265
128530,7;2305;15886,3;110339,4;0,123599265
128530,7;2305;15886,3;110339,4;0,123599265
128530,7;2224,1;15967,2;110339,4;0,124228686
128530,7;2224,1;15967,2;110339,4;0,124228686
128530,7;2224,1;15967,2;110339,4;0,124228686
128530,7;2219;15971,7;110340;0,124263697
128530,7;2219;15971,7;110340;0,124263697
128530,7;2219;15971,7;110340;0,124263697
128530,7;2224,1;15965,6;110341;0,124216238
128530,7;2224,1;15965,6;110341;0,124216238
128530,7;2224,1;15965,6;110341;0,124216238
128530,7;2227,3;15962,4;110341;0,124191341
128530,7;2227,3;15962,4;110341;0,124191341
128530,7;2227,3;15962,4;110341;0,124191341
128530,7;2234,6;15955;110341,1;0,124133767
128530,7;2234,6;15955;110341,1;0,124133767
128530,7;2234,6;15955;110341,1;0,124133767
128530,7;2275,7;15913,9;110341,1;0,123813999
128530,7;2275,7;15913,9;110341,1;0,123813999
128530,7;2275,7;15913,9;110341,1;0,123813999
128530,7;2224,9;15962,5;110343,4;0,124191341
128530,7;2224,9;15962,5;110343,4;0,124191341
128530,7;2224,9;15962,5;110343,4;0,124191341
128530,7;2187,9;15999,5;110343,4;0,12447921
128530,7;2187,9;15999,5;110343,4;0,12447921
128530,7;2187,9;15999,5;110343,4;0,12447921
128530,7;2241,9;15945,4;110343,4;0,124059077
128530,7;2241,9;15945,4;110343,4;0,124059077
128530,7;2241,9;15945,4;110343,4;0,124059077
128530,7;2227,7;15959,1;110344;0,124164888
128530,7;2227,7;15959,1;110344;0,124164888
128530,7;2227,7;15959,1;110344;0,124164888
128530,7;2172,3;16014,4;110344;0,124595914
128530,7;2172,3;16014,4;110344;0,124595914
128530,7;2172,3;16014,4;110344;0,124595914
128530,7;2223,5;15963,2;110344;0,124197565
128530,7;2223,5;15963,2;110344;0,124197565
128530,7;2223,5;15963,2;110344;0,124197565
128530,7;2213,2;15973,5;110344,1;0,124276924
128530,7;2213,2;15973,5;110344,1;0,124276924
128530,7;2213,2;15973,5;110344,1;0,124276924
128530,7;2230,1;15956,5;110344,1;0,124145438
128530,7;2230,1;15956,5;110344,1;0,124145438
128530,7;2230,1;15956,5;110344,1;0,124145438
128530,7;2268,2;15917,9;110344,7;0,123844342
128530,7;2268,2;15917,9;110344,7;0,123844342
128530,7;2268,2;15917,9;110344,7;0,123844342
128530,7;2301,9;15884,2;110344,7;0,123582148
128530,7;2301,9;15884,2;110344,7;0,123582148
128530,7;2301,9;15884,2;110344,7;0,123582148
128530,7;2236,7;15949,2;110344,8;0,124088642
128530,7;2236,7;15949,2;110344,8;0,124088642
128530,7;2236,7;15949,2;110344,8;0,124088642
128530,7;2226,7;15959,3;110344,8;0,124166444
128530,7;2226,7;15959,3;110344,8;0,124166444
128530,7;2226,7;15959,3;110344,8;0,124166444
128530,7;2284,1;15901,8;110344,8;0,123719858
128530,7;2284,1;15901,8;110344,8;0,123719858
128530,7;2284,1;15901,8;110344,8;0,123719858
128530,7;2240,1;15945,7;110344,9;0,124061411
128530,7;2240,1;15945,7;110344,9;0,124061411
128530,7;2240,1;15945,7;110344,9;0,124061411
128530,7;2210,2;15974,6;110345,9;0,12428626
128530,7;2210,2;15974,6;110345,9;0,12428626
128530,7;2210,2;15974,6;110345,9;0,12428626
128530,7;2263;15921,8;110345,9;0,123875463
128530,7;2263;15921,8;110345,9;0,123875463
128530,7;2263;15921,8;110345,9;0,123875463
128530,7;2263,3;15921,5;110346;0,123872351
128530,7;2263,3;15921,5;110346;0,123872351
128530,7;2263,3;15921,5;110346;0,123872351
128530,7;2257,9;15926,8;110346;0,123914364
128530,7;2257,9;15926,8;110346;0,123914364
128530,7;2257,9;15926,8;110346;0,123914364
128530,7;2214,3;15970,4;110346;0,124253583
128530,7;2214,3;15970,4;110346;0,124253583
128530,7;2214,3;15970,4;110346;0,124253583
128530,7;2265,8;15918,8;110346,1;0,123852122
128530,7;2265,8;15918,8;110346,1;0,123852122
128530,7;2265,8;15918,8;110346,1;0,123852122
128530,7;2232,2;15952,4;110346,1;0,124113539
128530,7;2232,2;15952,4;110346,1;0,124113539
128530,7;2232,2;15952,4;110346,1;0,124113539
128530,7;2273,3;15911,3;110346,1;0,123793771
128530,7;2273,3;15911,3;110346,1;0,123793771
128530,7;2273,3;15911,3;110346,1;0,123793771
128530,7;2255,3;15929,3;110346,2;0,123933037
128530,7;2255,3;15929,3;110346,2;0,123933037
128530,7;2255,3;15929,3;110346,2;0,123933037
128530,7;2220,2;15963,8;110346,7;0,124202233
128530,7;2220,2;15963,8;110346,7;0,124202233
128530,7;2220,2;15963,8;110346,7;0,124202233
128530,7;2268,1;15915,9;110346,7;0,12382956
128530,7;2268,1;15915,9;110346,7;0,12382956
128530,7;2268,1;15915,9;110346,7;0,12382956
128530,7;2257,6;15926,4;110346,8;0,123910474
128530,7;2257,6;15926,4;110346,8;0,123910474
128530,7;2257,6;15926,4;110346,8;0,123910474
128530,7;2254,2;15929,7;110346,8;0,123936927
128530,7;2254,2;15929,7;110346,8;0,123936927
128530,7;2254,2;15929,7;110346,8;0,123936927
128530,7;2222,8;15961,1;110346,8;0,124181227
128530,7;2222,8;15961,1;110346,8;0,124181227
128530,7;2223,8;15960;110346,9;0,124172668
128530,7;2223,8;15960;110346,9;0,124172668
128530,7;2223,8;15960;110346,9;0,124172668
128530,7;2210,6;15973,2;110346,9;0,124275368
128530,7;2210,6;15973,2;110346,9;0,124275368
128530,7;2210,6;15973,2;110346,9;0,124275368
128530,7;2208,8;15974,4;110347,5;0,124284704
128530,7;2208,8;15974,4;110347,5;0,124284704
128530,7;2208,8;15974,4;110347,5;0,124284704
128530,7;2234,2;15949;110347,5;0,124087086
128530,7;2234,2;15949;110347,5;0,124087086
128530,7;2234,2;15949;110347,5;0,124087086
128530,7;2236,2;15947,1;110347,5;0,124071525
128530,7;2236,2;15947,1;110347,5;0,124071525
128530,7;2236,2;15947,1;110347,5;0,124071525
128530,7;2198,9;15984,3;110347,5;0,124361728
128530,7;2198,9;15984,3;110347,5;0,124361728
128530,7;2198,9;15984,3;110347,5;0,124361728
128530,7;2260,8;15922,4;110347,6;0,123879353
128530,7;2260,8;15922,4;110347,6;0,123879353
128530,7;2260,8;15922,4;110347,6;0,123879353
128530,7;2238,5;15944,6;110347,6;0,124052853
128530,7;2238,5;15944,6;110347,6;0,124052853
128530,7;2238,5;15944,6;110347,6;0,124052853
128530,7;2249,4;15933,2;110348,1;0,123964158
128530,7;2249,4;15933,2;110348,1;0,123964158
128530,7;2249,4;15933,2;110348,1;0,123964158
128530,7;2224,1;15958,4;110348,2;0,12416022
128530,7;2224,1;15958,4;110348,2;0,12416022
128530,7;2224,1;15958,4;110348,2;0,12416022
128530,7;2239,5;15943;110348,2;0,124040404
128530,7;2239,5;15943;110348,2;0,124040404
128530,7;2239,5;15943;110348,2;0,124040404
128530,7;2253,7;15928,8;110348,2;0,123929925
128530,7;2253,7;15928,8;110348,2;0,123929925
128530,7;2253,7;15928,8;110348,2;0,123929925
128530,7;2262,3;15920,2;110348,3;0,123862237
128530,7;2262,3;15920,2;110348,3;0,123862237
128530,7;2262,3;15920,2;110348,3;0,123862237
128530,7;2200,7;15981,7;110348,3;0,1243415
128530,7;2200,7;15981,7;110348,3;0,1243415
128530,7;2200,7;15981,7;110348,3;0,1243415
128530,7;2223,5;15958,8;110348,4;0,124163332
128530,7;2223,5;15958,8;110348,4;0,124163332
128530,7;2223,5;15958,8;110348,4;0,124163332
128530,7;2197;15985,3;110348,4;0,124369509
128530,7;2197;15985,3;110348,4;0,124369509
128530,7;2197;15985,3;110348,4;0,124369509
128530,7;2200,8;15980,9;110349;0,124335276
128530,7;2200,8;15980,9;110349;0,124335276
128530,7;2189,9;15991,9;110349;0,12442008
128530,7;2189,9;15991,9;110349;0,12442008
128530,7;2189,9;15991,9;110349;0,12442008
128530,7;2285,8;15895,9;110349;0,123673955
128530,7;2285,8;15895,9;110349;0,123673955
128530,7;2285,8;15895,9;110349;0,123673955
128530,7;2269,4;15912,2;110349;0,123801551
128530,7;2269,4;15912,2;110349;0,123801551
128530,7;2269,4;15912,2;110349;0,123801551
128530,7;2240,9;15940,8;110349,1;0,12402251
128530,7;2240,9;15940,8;110349,1;0,12402251
128530,7;2240,9;15940,8;110349,1;0,12402251
128530,7;2273,9;15907,7;110349,1;0,123765762
128530,7;2273,9;15907,7;110349,1;0,123765762
128530,7;2273,9;15907,7;110349,1;0,123765762
128530,7;2225,4;15955,2;110350,2;0,124134545
128530,7;2225,4;15955,2;110350,2;0,124134545
128530,7;2225,4;15955,2;110350,2;0,124134545
128530,7;2256,6;15923,9;110350,2;0,123891802
128530,7;2256,6;15923,9;110350,2;0,123891802
128530,7;2256,6;15923,9;110350,2;0,123891802
128530,7;2301,9;15878,5;110350,2;0,123539357
128530,7;2301,9;15878,5;110350,2;0,123539357
128530,7;2301,9;15878,5;110350,2;0,123539357
128530,7;2296,3;15884,1;110350,3;0,123582148
128530,7;2296,3;15884,1;110350,3;0,123582148
128530,7;2296,3;15884,1;110350,3;0,123582148
128530,7;2280,5;15899,9;110350,3;0,123705076
128530,7;2280,5;15899,9;110350,3;0,123705076
128530,7;2280,5;15899,9;110350,3;0,123705076
128530,7;2305,2;15875,2;110350,4;0,123512126
128530,7;2305,2;15875,2;110350,4;0,123512126
128530,7;2305,2;15875,2;110350,4;0,123512126
128530,7;2330;15850;110350,7;0,123316842
128530,7;2330;15850;110350,7;0,123316842
128530,7;2330;15850;110350,7;0,123316842
128530,7;2286,6;15893,4;110350,8;0,123653726
128530,7;2286,6;15893,4;110350,8;0,123653726
128530,7;2286,6;15893,4;110350,8;0,123653726
128530,7;2249,1;15930,8;110350,8;0,123945485
128530,7;2249,1;15930,8;110350,8;0,123945485
128530,7;2249,1;15930,8;110350,8;0,123945485
128530,7;2272,1;15907,7;110350,9;0,123765762
128530,7;2272,1;15907,7;110350,9;0,123765762
128530,7;2272,1;15907,7;110350,9;0,123765762
128530,7;2266;15913,8;110350,9;0,123813221
128530,7;2266;15913,8;110350,9;0,123813221
128530,7;2266;15913,8;110350,9;0,123813221
128530,7;2270;15909,8;110351;0,123781322
128530,7;2270;15909,8;110351;0,123781322
128530,7;2270;15909,8;110351;0,123781322
128530,7;2237,6;15942,2;110351;0,124033402
128530,7;2237,6;15942,2;110351;0,124033402
128530,7;2242,8;15937;110351;0,123992945
128530,7;2242,8;15937;110351;0,123992945
128530,7;2242,8;15937;110351;0,123992945
128530,7;2245,4;15934,2;110351;0,123972716
128530,7;2245,4;15934,2;110351;0,123972716
128530,7;2245,4;15934,2;110351;0,123972716
128530,7;2189,9;15989,8;110351,1;0,124403742
128530,7;2189,9;15989,8;110351,1;0,124403742
128530,7;2189,9;15989,8;110351,1;0,124403742
128530,7;2325,7;15853,9;110351,1;0,123347185
128530,7;2325,7;15853,9;110351,1;0,123347185
128530,7;2325,7;15853,9;110351,1;0,123347185
128530,7;2266,5;15913,1;110351,1;0,123807775
128530,7;2266,5;15913,1;110351,1;0,123807775
128530,7;2266,5;15913,1;110351,1;0,123807775
128530,7;2214,4;15965,1;110351,2;0,124212348
128530,7;2214,4;15965,1;110351,2;0,124212348
128530,7;2214,4;15965,1;110351,2;0,124212348
128530,7;2346,4;15900,1;110284,2;0,123706632
128530,7;2346,4;15900,1;110284,2;0,123706632
128530,7;2346,4;15900,1;110284,2;0,123706632
128530,7;2281,8;15964,7;110284,3;0,124208458
128530,7;2281,8;15964,7;110284,3;0,124208458
128530,7;2281,8;15964,7;110284,3;0,124208458
128530,7;2348,5;15898;110284,3;0,123689515
128530,7;2348,5;15898;110284,3;0,123689515
128530,7;2348,5;15898;110284,3;0,123689515
128530,7;2346,2;15900,2;110284,3;0,12370741
128530,7;2346,2;15900,2;110284,3;0,12370741
128530,7;2346,2;15900,2;110284,3;0,12370741
128530,7;2282,2;15963,7;110284,8;0,124201455
128530,7;2282,2;15963,7;110284,8;0,124201455
128530,7;2282,2;15963,7;110284,8;0,124201455
128530,7;2282,6;15963,3;110284,9;0,124197565
128530,7;2282,6;15963,3;110284,9;0,124197565
128530,7;2282,6;15963,3;110284,9;0,124197565
128530,7;2318,5;15927,3;110284,9;0,123918255
128530,7;2318,5;15927,3;110284,9;0,123918255
128530,7;2318,5;15927,3;110284,9;0,123918255
128530,7;2295,8;15950;110284,9;0,124094866
128530,7;2295,8;15950;110284,9;0,124094866
128530,7;2295,8;15950;110284,9;0,124094866
128530,7;2309,8;15936;110285;0,123985165
128530,7;2309,8;15936;110285;0,123985165
128530,7;2309,8;15936;110285;0,123985165
128530,7;2318,8;15926,9;110285;0,123915142
128530,7;2318,8;15926,9;110285;0,123915142
128530,7;2318,8;15926,9;110285;0,123915142
128530,7;2316,5;15929,2;110285;0,123933037
128530,7;2316,5;15929,2;110285;0,123933037
128530,7;2281,9;15963,3;110285,6;0,124197565
128530,7;2281,9;15963,3;110285,6;0,124197565
128530,7;2281,9;15963,3;110285,6;0,124197565
128530,7;2341,6;15903,5;110285,6;0,123733085
128530,7;2341,6;15903,5;110285,6;0,123733085
128530,7;2341,6;15903,5;110285,6;0,123733085
128530,7;2318,9;15926,1;110285,7;0,123908918
128530,7;2318,9;15926,1;110285,7;0,123908918
128530,7;2318,9;15926,1;110285,7;0,123908918
128530,7;2247,5;15997;110286,2;0,124460537
128530,7;2247,5;15997;110286,2;0,124460537
128530,7;2247,5;15997;110286,2;0,124460537
128530,7;2263,4;15981,1;110286,2;0,124336832
128530,7;2263,4;15981,1;110286,2;0,124336832
128530,7;2263,4;15981,1;110286,2;0,124336832
128530,7;2328,7;15915,8;110286,3;0,123828004
128530,7;2328,7;15915,8;110286,3;0,123828004
128530,7;2328,7;15915,8;110286,3;0,123828004
128530,7;2326,6;15917,9;110286,3;0,123844342
128530,7;2326,6;15917,9;110286,3;0,123844342
128530,7;2326,6;15917,9;110286,3;0,123844342
128530,7;2309,8;15934,6;110286,3;0,12397505
128530,7;2309,8;15934,6;110286,3;0,12397505
128530,7;2309,8;15934,6;110286,3;0,12397505
128530,7;2303,9;15940,4;110286,4;0,124020176
128530,7;2303,9;15940,4;110286,4;0,124020176
128530,7;2303,9;15940,4;110286,4;0,124020176
128530,7;2351,3;15893;110286,4;0,123651392
128530,7;2351,3;15893;110286,4;0,123651392
128530,7;2351,3;15893;110286,4;0,123651392
128530,7;2327,1;15916,6;110286,9;0,123835784
128530,7;2327,1;15916,6;110286,9;0,123835784
128530,7;2327,1;15916,6;110286,9;0,123835784
128530,7;2348,2;15895,5;110287;0,123670843
128530,7;2348,2;15895,5;110287;0,123670843
128530,7;2348,2;15895,5;110287;0,123670843
128530,7;2355,7;15888;110287;0,123612491
128530,7;2355,7;15888;110287;0,123612491
128530,7;2355,7;15888;110287;0,123612491
128530,7;2306,6;15937,1;110287;0,123994501
128530,7;2306,6;15937,1;110287;0,123994501
128530,7;2306,6;15937,1;110287;0,123994501
128530,7;2322;15921,7;110287,1;0,123873907
128530,7;2322;15921,7;110287,1;0,123873907
128530,7;2322;15921,7;110287,1;0,123873907
128530,7;2384,1;15859,5;110287,1;0,123390754
128530,7;2384,1;15859,5;110287,1;0,123390754
128530,7;2384,1;15859,5;110287,1;0,123390754
128530,7;2357,8;15885,8;110287,1;0,123595374
128530,7;2357,8;15885,8;110287,1;0,123595374
128530,7;2306,3;15937,2;110287,2;0,123995279
128530,7;2306,3;15937,2;110287,2;0,123995279
128530,7;2306,3;15937,2;110287,2;0,123995279
128530,7;2331,7;15911;110288;0,123791437
128530,7;2331,7;15911;110288;0,123791437
128530,7;2331,7;15911;110288;0,123791437
128530,7;2284,4;15957,8;110288,6;0,124154774
128530,7;2284,4;15957,8;110288,6;0,124154774
128530,7;2284,4;15957,8;110288,6;0,124154774
128530,7;2273,8;15968,3;110288,6;0,124237244
128530,7;2273,8;15968,3;110288,6;0,124237244
128530,7;2273,8;15968,3;110288,6;0,124237244
128530,7;2330,8;15911,3;110288,6;0,123793771
128530,7;2330,8;15911,3;110288,6;0,123793771
128530,7;2330,8;15911,3;110288,6;0,123793771
128530,7;2301,6;15940,3;110288,8;0,124019398
128530,7;2301,6;15940,3;110288,8;0,124019398
128530,7;2301,6;15940,3;110288,8;0,124019398
128530,7;2276,8;15965,1;110288,9;0,12421157
128530,7;2276,8;15965,1;110288,9;0,12421157
128530,7;2276,8;15965,1;110288,9;0,12421157
128530,7;2274,1;15967,8;110288,9;0,124232576
128530,7;2274,1;15967,8;110288,9;0,124232576
128530,7;2274,1;15967,8;110288,9;0,124232576
128530,7;2252,6;15989,2;110288,9;0,124399852
128530,7;2252,6;15989,2;110288,9;0,124399852
128530,7;2252,6;15989,2;110288,9;0,124399852
128530,7;2321,9;15920;110288,9;0,123860681
128530,7;2321,9;15920;110288,9;0,123860681
128530,7;2321,9;15920;110288,9;0,123860681
128530,7;2285,5;15956,3;110289;0,124143104
128530,7;2285,5;15956,3;110289;0,124143104
128530,7;2285,5;15956,3;110289;0,124143104
128530,7;2322;15919,7;110289;0,123859125
128530,7;2322;15919,7;110289;0,123859125
128530,7;2322;15919,7;110289;0,123859125
128530,7;2312,2;15929,5;110289;0,123935371
128530,7;2312,2;15929,5;110289;0,123935371
128530,7;2312,2;15929,5;110289;0,123935371
128530,7;2274,4;15967,3;110289,1;0,124228686
128530,7;2274,4;15967,3;110289,1;0,124228686
128530,7;2274,4;15967,3;110289,1;0,124228686
128530,7;2249,3;15992,3;110289,1;0,12442397
128530,7;2249,3;15992,3;110289,1;0,12442397
128530,7;2249,3;15992,3;110289,1;0,12442397
128530,7;2301,9;15939,7;110289,1;0,12401473
128530,7;2301,9;15939,7;110289,1;0,12401473
128530,7;2301,9;15939,7;110289,1;0,12401473
128530,7;2317,2;15924,3;110289,2;0,123894914
128530,7;2317,2;15924,3;110289,2;0,123894914
128530,7;2317,2;15924,3;110289,2;0,123894914
128530,7;2311,1;15930,1;110289,5;0,123940039
128530,7;2311,1;15930,1;110289,5;0,123940039
128530,7;2311,1;15930,1;110289,5;0,123940039
128530,7;2318,9;15922,3;110289,5;0,123879353
128530,7;2318,9;15922,3;110289,5;0,123879353
128530,7;2318,9;15922,3;110289,5;0,123879353
128530,7;2244,1;15996,6;110290;0,124457425
128530,7;2244,1;15996,6;110290;0,124457425
128530,7;2244,1;15996,6;110290;0,124457425
128530,7;2307,5;15932,7;110290,6;0,12395949
128530,7;2307,5;15932,7;110290,6;0,12395949
;;;;0,123403467
